Reeks,Wedstrijdnr,Datum,Uur,Thuis,Bezoekers,Sporthall,Uitslag,Setstanden,Uitslag reserven,Setstanden reserven
2de Divisie Heren B,H2B-0005,28/09/2019,17:30,AMIGOS VAN PELT SINT-ANTONIUS ZOERSEL B,VBT MACHELEN,"Van Pelt Arena, St-Antonius Zoersel",,,,
2de Divisie Heren B,H2B-0011,05/10/2019,20:30,VBT MACHELEN,TOPSPORT SCHOOL VILVOORDE B,"Sporthal Bosveld, Machelen",,,,
2de Divisie Heren B,H2B-0015,12/10/2019,20:30,VC SMASH LIER ,VBT MACHELEN,"Stedelijke Sporthal, Lier",,,,
2de Divisie Heren B,H2B-0023,19/10/2019,20:30,VBT MACHELEN,BMV BEVEREN MELSELE ,"Sporthal Bosveld, Machelen",,,,
2de Divisie Heren B,H2B-0025,02/11/2019,17:30,HELLVOC HEMIKSEM-SCHELLE B,VBT MACHELEN,"Gem. Sportcentrum, Hemiksem",,,,
2de Divisie Heren B,H2B-0035,09/11/2019,20:30,VBT MACHELEN,VCV LEEFDAAL-BERTEM,"Sporthal Bosveld, Machelen",,,,
2de Divisie Heren B,H2B-0040,17/11/2019,18:00,DAVOC LOT ,VBT MACHELEN,"Sportcomplex Vogelenzang, Lot",,,,
2de Divisie Heren B,H2B-0046,30/11/2019,20:30,VBT MACHELEN,VC TESLA LINT B,"Sporthal Bosveld, Machelen",,,,
2de Divisie Heren B,H2B-0052,07/12/2019,20:30,VOLMAR EKEREN,VBT MACHELEN,"Koninklijk Atheneum, Ekeren",,,,
2de Divisie Heren B,H2B-0060,14/12/2019,20:30,VBT MACHELEN,VC HEIST DELHAIZE HERENTHOUT A,"Sporthal Bosveld, Machelen",,,,
2de Divisie Heren B,H2B-0064,21/12/2019,20:30,GEEL ZWART WIJNEGEM,VBT MACHELEN,Gem. Sportcentrum Wijnegem,,,,
2de Divisie Heren B,H2B-0071,11/01/2020,20:30,VBT MACHELEN,AMIGOS VAN PELT SINT-ANTONIUS ZOERSEL B,"Sporthal Bosveld, Machelen",,,,
2de Divisie Heren B,H2B-0078,19/01/2020,15:00,TOPSPORT SCHOOL VILVOORDE B,VBT MACHELEN,EVC Vilvoorde,,,,
2de Divisie Heren B,H2B-0083,25/01/2020,20:30,VBT MACHELEN,VC SMASH LIER ,"Sporthal Bosveld, Machelen",,,,
2de Divisie Heren B,H2B-0088,15/02/2020,20:30,BMV BEVEREN MELSELE ,VBT MACHELEN,"Sporthal ´t Wit Zand, Melsele",,,,
2de Divisie Heren B,H2B-0095,22/02/2020,20:30,VBT MACHELEN,HELLVOC HEMIKSEM-SCHELLE B,"Sporthal Bosveld, Machelen",,,,
2de Divisie Heren B,H2B-0098,29/02/2020,20:30,VCV LEEFDAAL-BERTEM,VBT MACHELEN,"Gem. Sportzaal, Leefdaal",,,,
2de Divisie Heren B,H2B-0106,14/03/2020,20:30,VBT MACHELEN,DAVOC LOT ,"Sporthal Bosveld, Machelen",,,,
2de Divisie Heren B,H2B-0110,21/03/2020,17:00,VC TESLA LINT B,VBT MACHELEN,Centrum De Witte Merel zaal A,,,,
2de Divisie Heren B,H2B-0118,28/03/2020,20:30,VBT MACHELEN,VOLMAR EKEREN,"Sporthal Bosveld, Machelen",,,,
2de Divisie Heren B,H2B-0126,18/04/2020,20:30,VC HEIST DELHAIZE HERENTHOUT A,VBT MACHELEN,"Sporthal ´t Kapelleke, Herenthout",,,,
2de Divisie Heren B,H2B-0132,25/04/2020,20:30,VBT MACHELEN,GEEL ZWART WIJNEGEM,"Sporthal Bosveld, Machelen",,,,
Vlaamse Beker - Heren,VBH-0005,26/10/2019,20:30,VBT MACHELEN (2de Divisie),VOLMAR EKEREN (2de Divisie),"Sporthal Bosveld, Machelen",,,,
3de Provinciale Mannen A,3PMA-0011,29/09/2019,11:00,LIZARDS LUBBEEK-LEUVEN C,VBT MACHELEN C,Sporthal Korbeek-Lo,,,,
3de Provinciale Mannen A,3PMA-0010,05/10/2019,20:00,KLB SOLLENBEEMD HALLE,VBT MACHELEN C,"Sportcomplex De Bres, Halle",,,,
3de Provinciale Mannen A,3PMA-0001,12/10/2019,20:00,VBT MACHELEN C,DAVOC LOT C,"Sporthal Bosveld, Machelen",,,,
3de Provinciale Mannen A,3PMA-0017,19/10/2019,20:00,VBT MACHELEN C,V.C. ZAVATH ZAVENTEM,"Sporthal Bosveld, Machelen",,,,
3de Provinciale Mannen A,3PMA-0033,03/11/2019,18:30,VOLLEY OPWIJK - LINDEMANS AALST,VBT MACHELEN C,"Sporthal PIVO, Relegem",,,,
3de Provinciale Mannen A,3PMA-0027,09/11/2019,20:00,VBT MACHELEN C,VELVOC VELTEM-BEISEM B,"Sporthal Bosveld, Machelen",,,,
3de Provinciale Mannen A,3PMA-0067,23/11/2019,20:00,VBT MACHELEN C,WOLVERTEM SPORTING B,"Sporthal Bosveld, Machelen",,,,
3de Provinciale Mannen A,3PMA-0037,30/11/2019,20:00,VBT MACHELEN C,RUISBROEK 84,"Sporthal Bosveld, Machelen",,,,
3de Provinciale Mannen A,3PMA-0044,07/12/2019,20:00,VOLLEY SCHEPDAAL VZW B,VBT MACHELEN C,"Sporthal Caerenbergveld, Schepdaal",,,,
3de Provinciale Mannen A,3PMA-0051,18/01/2020,20:00,VBT MACHELEN C,KLB SOLLENBEEMD HALLE,"Sporthal Bosveld, Machelen",,,,
3de Provinciale Mannen A,3PMA-0046,25/01/2020,18:00,DAVOC LOT C,VBT MACHELEN C,"Vogelenzang, Lot",,,,
3de Provinciale Mannen A,3PMA-0061,08/02/2020,19:30,V.C. ZAVATH ZAVENTEM,VBT MACHELEN C,"Gemeentelijke Sporthal, Zaventem",,,,
3de Provinciale Mannen A,3PMA-0057,07/03/2020,15:30,VBT MACHELEN C,LIZARDS LUBBEEK-LEUVEN C,"Sporthal Bosveld, Machelen",,,,
3de Provinciale Mannen A,3PMA-0022,14/03/2020,14:30,WOLVERTEM SPORTING B,VBT MACHELEN C,"Sportschuur, Wolvertem",,,,
3de Provinciale Mannen A,3PMA-0072,20/03/2020,21:30,VELVOC VELTEM-BEISEM B,VBT MACHELEN C,"Warotzaal, Winksele",,,,
3de Provinciale Mannen A,3PMA-0077,28/03/2020,20:00,VBT MACHELEN C,VOLLEY OPWIJK - LINDEMANS AALST,"Sporthal Bosveld, Machelen",,,,
3de Provinciale Mannen A,3PMA-0083,18/04/2020,20:00,RUISBROEK 84,VBT MACHELEN C,"Sporthal A.J. Braillard, Ruisbroek",,,,
3de Provinciale Mannen A,3PMA-0087,25/04/2020,20:00,VBT MACHELEN C,VOLLEY SCHEPDAAL VZW B,"Sporthal Bosveld, Machelen",,,,
3de Provinciale Mannen B,3PMB-0042,22/09/2019,14:30,VBT MACHELEN B,VC FENIKS HAACHT D,"Sporthal Bosveld, Machelen",,,,
3de Provinciale Mannen B,3PMB-0006,05/10/2019,16:00,VBT MACHELEN B,N.V.V. TIENEN,"Sporthal Bosveld, Machelen",,,,
3de Provinciale Mannen B,3PMB-0015,12/10/2019,16:00,VBT MACHELEN B,KEVOC KEERBERGEN B,"Sporthal Bosveld, Machelen",,,,
3de Provinciale Mannen B,3PMB-0030,26/10/2019,17:00,VOLLEYBALCLUB B.V.S. AARSCHOT B,VBT MACHELEN B,"Sint-Jozefscollege, Aarschot",,,,
3de Provinciale Mannen B,3PMB-0033,02/11/2019,20:30,VBT MACHELEN B,KREG ROTSELAAR B,"Sporthal Bosveld, Machelen",,,,
3de Provinciale Mannen B,3PMB-0018,09/11/2019,14:30,VC FENIKS HAACHT E,VBT MACHELEN B,"Sportcomplex Den Dijk, Haacht (Wespelaar)",,,,
3de Provinciale Mannen B,3PMB-0024,16/11/2019,16:00,VBT MACHELEN B,VCV LEEFDAAL-BERTEM D,"Sporthal Bosveld, Machelen",,,,
3de Provinciale Mannen B,3PMB-0037,24/11/2019,11:00,VCV LEEFDAAL-BERTEM E,VBT MACHELEN B,"Gemeentelijke Sportzaal, Leefdaal",,,,
3de Provinciale Mannen B,3PMB-0049,14/12/2019,16:30,STERKO KORTENBERG B,VBT MACHELEN B,"Gemeentelijke Sporthal, Kortenberg",,,,
3de Provinciale Mannen B,3PMB-0051,21/12/2019,18:30,VBT MACHELEN B,SPARTANA STEENOKKERZEEL B,"Sporthal Bosveld, Machelen",,,,
3de Provinciale Mannen B,3PMB-0110,10/01/2020,21:00,SPARTANA STEENOKKERZEEL B,VBT MACHELEN B,"Gemeentelijke Sporthal, Steenokkerzeel",,,,
3de Provinciale Mannen B,3PMB-0067,25/01/2020,20:30,KEVOC KEERBERGEN B,VBT MACHELEN B,"Gemeentelijke Sporthal, Keerbergen",,,,
3de Provinciale Mannen B,3PMB-0083,01/02/2020,16:00,VBT MACHELEN B,VOLLEYBALCLUB B.V.S. AARSCHOT B,"Sporthal Bosveld, Machelen",,,,
3de Provinciale Mannen B,3PMB-0086,23/02/2020,14:30,KREG ROTSELAAR B,VBT MACHELEN B,"Sportoase De Meander, Rotselaar",,,,
3de Provinciale Mannen B,3PMB-0074,29/02/2020,16:00,VBT MACHELEN B,VC FENIKS HAACHT E,"Sporthal Bosveld, Machelen",,,,
3de Provinciale Mannen B,3PMB-0098,07/03/2020,21:00,VC FENIKS HAACHT D,VBT MACHELEN B,"Sportcomplex Den Dijk, Haacht (Wespelaar)",,,,
3de Provinciale Mannen B,3PMB-0079,14/03/2020,17:00,VCV LEEFDAAL-BERTEM D,VBT MACHELEN B,"Gemeentelijke Sportzaal, Leefdaal",,,,
3de Provinciale Mannen B,3PMB-0092,21/03/2020,16:00,VBT MACHELEN B,VCV LEEFDAAL-BERTEM E,"Sporthal Bosveld, Machelen",,,,
3de Provinciale Mannen B,3PMB-0101,18/04/2020,16:00,VBT MACHELEN B,STERKO KORTENBERG B,"Sporthal Bosveld, Machelen",,,,
3de Provinciale Mannen B,3PMB-0065,25/04/2020,18:00,N.V.V. TIENEN,VBT MACHELEN B,"Sportschuur Houtemveld, Tienen",,,,
2de Provinciale Vrouwen B,2PVB-0007,22/09/2019,18:00,VCV LEEFDAAL-BERTEM A,VBT MACHELEN A,"Gemeentelijke Sportzaal, Leefdaal",,,,
2de Provinciale Vrouwen B,2PVB-0006,28/09/2019,20:00,VBT MACHELEN A,ZUUN VOLLEYBAL CLUB B,"Sporthal Bosveld, Machelen",,,,
2de Provinciale Vrouwen B,2PVB-0017,12/10/2019,20:00,VBT MACHELEN A,WOLVERTEM SPORTING B,"Sporthal Bosveld, Machelen",,,,
2de Provinciale Vrouwen B,2PVB-0094,19/10/2019,20:30,VOLLEY OPWIJK,VBT MACHELEN A,"Gemeentelijke Sporthal, Opwijk",,,,
2de Provinciale Vrouwen B,2PVB-0131,26/10/2019,17:00,VC LENNIK DAMES B,VBT MACHELEN A,"Gem. Sporthal Jo Baetens, Lennik",,,,
2de Provinciale Vrouwen B,2PVB-0035,09/11/2019,20:30,VC KNØDDE MEISE A,VBT MACHELEN A,Sporthal Meise,,,,
2de Provinciale Vrouwen B,2PVB-0039,16/11/2019,20:00,VBT MACHELEN A,VOLLEY BELLINGEN HALLE,"Sporthal Bosveld, Machelen",,,,
2de Provinciale Vrouwen B,2PVB-0021,23/11/2019,20:30,RUISBROEK 84 A,VBT MACHELEN A,"Sporthal A.J. Braillard, Ruisbroek",,,,
2de Provinciale Vrouwen B,2PVB-0044,30/11/2019,20:30,VC ETERNIT KAPELLE O/D BOS A,VBT MACHELEN A,"Sporthal Eternit, Kapelle-op-den-Bos",,,,
2de Provinciale Vrouwen B,2PVB-0050,07/12/2019,20:00,VBT MACHELEN A,DAATMET LIEDEKERKE,"Sporthal Bosveld, Machelen",,,,
2de Provinciale Vrouwen B,2PVB-0058,14/12/2019,20:30,WOLVERTEM SPORTING A,VBT MACHELEN A,"Sportschuur, Wolvertem",,,,
2de Provinciale Vrouwen B,2PVB-0078,04/01/2020,20:00,VBT MACHELEN A,VCV LEEFDAAL-BERTEM A,"Sporthal Bosveld, Machelen",,,,
2de Provinciale Vrouwen B,2PVB-0072,10/01/2020,21:00,ZUUN VOLLEYBAL CLUB B,VBT MACHELEN A,"Wildersportcomplex, Sint-Pieters-Leeuw",,,,
2de Provinciale Vrouwen B,2PVB-0080,26/01/2020,18:30,WOLVERTEM SPORTING B,VBT MACHELEN A,"Sportschuur, Wolvertem",,,,
2de Provinciale Vrouwen B,2PVB-0028,01/02/2020,20:00,VBT MACHELEN A,VOLLEY OPWIJK,"Sporthal Bosveld, Machelen",,,,
2de Provinciale Vrouwen B,2PVB-0089,15/02/2020,20:00,VBT MACHELEN A,RUISBROEK 84 A,"Sporthal Bosveld, Machelen",,,,
2de Provinciale Vrouwen B,2PVB-0100,29/02/2020,20:00,VBT MACHELEN A,VC KNØDDE MEISE A,"Sporthal Bosveld, Machelen",,,,
2de Provinciale Vrouwen B,2PVB-0103,14/03/2020,20:00,VOLLEY BELLINGEN HALLE,VBT MACHELEN A,"Sportcomplex De Bres, Halle",,,,
2de Provinciale Vrouwen B,2PVB-0111,21/03/2020,20:00,VBT MACHELEN A,VC ETERNIT KAPELLE O/D BOS A,"Sporthal Bosveld, Machelen",,,,
2de Provinciale Vrouwen B,2PVB-0117,28/03/2020,20:30,DAATMET LIEDEKERKE,VBT MACHELEN A,"Sporthal Heuvelkouter, Liedekerke",,,,
2de Provinciale Vrouwen B,2PVB-0122,18/04/2020,20:00,VBT MACHELEN A,WOLVERTEM SPORTING A,"Sporthal Bosveld, Machelen",,,,
2de Provinciale Vrouwen B,2PVB-0061,25/04/2020,16:00,VBT MACHELEN A,VC LENNIK DAMES B,"Sporthal Bosveld, Machelen",,,,
3de Provinciale Vrouwen D,3PVD-0001,29/09/2019,15:30,SPARTANA STEENOKKERZEEL,VBT MACHELEN B,"Gemeentelijke Sporthal, Steenokkerzeel",,,,
3de Provinciale Vrouwen D,3PVD-0006,05/10/2019,14:30,WOLVERTEM SPORTING D,VBT MACHELEN B,"Sportschuur, Wolvertem",,,,
3de Provinciale Vrouwen D,3PVD-0012,12/10/2019,16:30,VC ETERNIT KAPELLE O/D BOS C,VBT MACHELEN B,"Sporthal Eternit, Kapelle-op-den-Bos",,,,
3de Provinciale Vrouwen D,3PVD-0016,19/10/2019,16:00,VBT MACHELEN B,VC KNØDDE MEISE B,"Sporthal Bosveld, Machelen",,,,
3de Provinciale Vrouwen D,3PVD-0034,03/11/2019,13:30,VC ETERNIT KAPELLE O/D BOS B,VBT MACHELEN B,"Sporthal Eternit, Kapelle-op-den-Bos",,,,
3de Provinciale Vrouwen D,3PVD-0026,09/11/2019,16:00,VBT MACHELEN B,KEVOC KEERBERGEN B,"Sporthal Bosveld, Machelen",,,,
3de Provinciale Vrouwen D,3PVD-0023,16/11/2019,17:00,JEUGDVOLLEYBAL LONDERZEEL C,VBT MACHELEN B,"Gem. Sportcomplex, Londerzeel",,,,
3de Provinciale Vrouwen D,3PVD-0036,30/11/2019,16:00,VBT MACHELEN B,WOLVERTEM SPORTING C,"Sporthal Bosveld, Machelen",,,,
3de Provinciale Vrouwen D,3PVD-0045,07/12/2019,20:00,V.C. ZAVATH ZAVENTEM,VBT MACHELEN B,"Gemeentelijke Sporthal, Zaventem",,,,
3de Provinciale Vrouwen D,3PVD-0052,18/01/2020,20:00,VBT MACHELEN B,WOLVERTEM SPORTING D,"Sporthal Bosveld, Machelen",,,,
3de Provinciale Vrouwen D,3PVD-0056,25/01/2020,16:00,VBT MACHELEN B,VC ETERNIT KAPELLE O/D BOS C,"Sporthal Bosveld, Machelen",,,,
3de Provinciale Vrouwen D,3PVD-0062,08/02/2020,20:30,VC KNØDDE MEISE B,VBT MACHELEN B,Sporthal Meise,,,,
3de Provinciale Vrouwen D,3PVD-0046,15/02/2020,16:00,VBT MACHELEN B,SPARTANA STEENOKKERZEEL,"Sporthal Bosveld, Machelen",,,,
3de Provinciale Vrouwen D,3PVD-0066,07/03/2020,20:00,VBT MACHELEN B,JEUGDVOLLEYBAL LONDERZEEL C,"Sporthal Bosveld, Machelen",,,,
3de Provinciale Vrouwen D,3PVD-0073,21/03/2020,20:30,KEVOC KEERBERGEN B,VBT MACHELEN B,"Gemeentelijke Sporthal, Keerbergen",,,,
3de Provinciale Vrouwen D,3PVD-0076,28/03/2020,16:00,VBT MACHELEN B,VC ETERNIT KAPELLE O/D BOS B,"Sporthal Bosveld, Machelen",,,,
3de Provinciale Vrouwen D,3PVD-0084,18/04/2020,20:30,WOLVERTEM SPORTING C,VBT MACHELEN B,"Sportschuur, Wolvertem",,,,
3de Provinciale Vrouwen D,3PVD-0086,25/04/2020,16:00,VBT MACHELEN B,V.C. ZAVATH ZAVENTEM,"Sporthal Bosveld, Machelen",,,,
Beker senioren mannen Volley Vlaams Brabant,VL BR BEKER M.-100,07/09/2019,19:30,WOLVERTEM SPORTING 1P,VBT MACHELEN C 3P,"Sportschuur, Wolvertem",,,,
Beker senioren mannen Volley Vlaams Brabant,VL BR BEKER M.-114,27/10/2019,00:00,KREG ROTSELAAR 1P,VBT MACHELEN B 3P,"Sport- en turnzaal Boudewijnstadion, Kessel-Lo",,,,
Beker senioren vrouwen Volley Vlaams Brabant,VL BR BEKER V.-107,27/10/2019,00:00,VOLLEY OPWIJK 2P,VBT MACHELEN A 2P,"Sportzaal Vrij Katholiek Onderwijs, Opwijk",,,,
Beker senioren vrouwen Volley Vlaams Brabant,VL BR BEKER V.-114,27/10/2019,00:00,STERKO KORTENBERG 3P,VBT MACHELEN B 3P,Sporthal Erps-Kwerps,,,,
U17 Jongens Niveau 1,U17JN1-0001,07/09/2019,11:45,VBT MACHELEN ,VC FENIKS HAACHT,"Sporthal Bosveld, Machelen",,,,
U17 Jongens Niveau 1,U17JN1-0024,22/09/2019,10:30,VBT MACHELEN ,LIZARDS LUBBEEK-LEUVEN,"Sporthal Bosveld, Machelen",,,,
U17 Jongens Niveau 1,U17JN1-0004,28/09/2019,11:45,VBT MACHELEN ,KRUIKENBURG TERNAT A,"Sporthal Bosveld, Machelen",,,,
U17 Jongens Niveau 1,U17JN1-0009,05/10/2019,11:30,LIZARDS LUBBEEK-LEUVEN,VBT MACHELEN ,Sporthal Lubbeek,,,,
U17 Jongens Niveau 1,U17JN1-0012,13/10/2019,14:30,BDO HAASRODE LEUVEN B,VBT MACHELEN ,Sportcomplex Haasrode,,,,
U17 Jongens Niveau 1,U17JN1-0013,19/10/2019,11:00,VBT MACHELEN ,BDO HAASRODE LEUVEN A,"Sporthal Bosveld, Machelen",,,,
U17 Jongens Niveau 1,U17JN1-0019,02/11/2019,12:30,KRUIKENBURG TERNAT A,VBT MACHELEN ,Sporthal Kruikenburg,,,,
U17 Jongens Niveau 1,U17JN1-0027,16/11/2019,10:00,VBT MACHELEN ,BDO HAASRODE LEUVEN B,"Sporthal Bosveld, Machelen",,,,
U17 Jongens Niveau 1,U17JN1-0028,23/11/2019,11:30,BDO HAASRODE LEUVEN A,VBT MACHELEN ,Sporthal Heverlee,,,,
U17 Jongens Niveau 1,U17JN1-0031,30/11/2019,11:45,VBT MACHELEN ,VC FENIKS HAACHT,"Sporthal Bosveld, Machelen",,,,
U17 Jongens Niveau 1,U17JN1-0016,21/12/2019,11:30,VC FENIKS HAACHT,VBT MACHELEN ,"Sportcomplex Den Dijk, Haacht (Wespelaar)",,,,
U17 Jongens Niveau 1,U17JN1-0034,04/01/2020,11:45,VBT MACHELEN ,KRUIKENBURG TERNAT A,"Sporthal Bosveld, Machelen",,,,
U17 Jongens Niveau 1,U17JN1-0039,11/01/2020,11:30,LIZARDS LUBBEEK-LEUVEN,VBT MACHELEN ,Sporthal Lubbeek,,,,
U17 Jongens Niveau 1,U17JN1-0042,19/01/2020,14:00,BDO HAASRODE LEUVEN B,VBT MACHELEN ,Sportcomplex Haasrode,,,,
U17 Jongens Niveau 1,U17JN1-0043,25/01/2020,11:45,VBT MACHELEN ,BDO HAASRODE LEUVEN A,"Sporthal Bosveld, Machelen",,,,
U17 Jongens Niveau 1,U17JN1-0046,01/02/2020,09:30,VC FENIKS HAACHT,VBT MACHELEN ,"Sportcomplex Den Dijk, Haacht (Wespelaar)",,,,
U17 Jongens Niveau 1,U17JN1-0049,09/02/2020,10:00,KRUIKENBURG TERNAT A,VBT MACHELEN ,Sporthal Kruikenburg,,,,
U17 Jongens Niveau 1,U17JN1-0054,07/03/2020,11:45,VBT MACHELEN ,LIZARDS LUBBEEK-LEUVEN,"Sporthal Bosveld, Machelen",,,,
U17 Jongens Niveau 1,U17JN1-0057,21/03/2020,11:45,VBT MACHELEN ,BDO HAASRODE LEUVEN B,"Sporthal Bosveld, Machelen",,,,
U17 Jongens Niveau 1,U17JN1-0058,26/04/2020,17:00,BDO HAASRODE LEUVEN A,VBT MACHELEN ,Sportcomplex Haasrode,,,,
U15 Jongens Niveau 1,U15JN1-0003,07/09/2019,16:30,VELVOC VELTEM-BEISEM,VBT MACHELEN A,"Sportcentrum Ivo Van Damme, Veltem-Beisem ",,,,
U15 Jongens Niveau 1,U15JN1-0018,22/09/2019,13:00,VBT MACHELEN A,VELVOC VELTEM-BEISEM,"Sporthal Bosveld, Machelen",,,,
U15 Jongens Niveau 1,U15JN1-0006,28/09/2019,09:30,VBT MACHELEN A,LIZARDS LUBBEEK-LEUVEN A,"Sporthal Bosveld, Machelen",,,,
U15 Jongens Niveau 1,U15JN1-0007,06/10/2019,13:00,BDO HAASRODE LEUVEN A,VBT MACHELEN A,Sportcomplex Haasrode,,,,
U15 Jongens Niveau 1,U15JN1-0012,12/10/2019,09:30,VBT MACHELEN A,BDO HAASRODE LEUVEN B,"Sporthal Bosveld, Machelen",,,,
U15 Jongens Niveau 1,U15JN1-0015,19/10/2019,13:00,VBT MACHELEN A,KRUIKENBURG TERNAT A,"Sporthal Bosveld, Machelen",,,,
U15 Jongens Niveau 1,U15JN1-0021,03/11/2019,10:30,LIZARDS LUBBEEK-LEUVEN A,VBT MACHELEN A,Sporthal Korbeek-Lo,,,,
U15 Jongens Niveau 1,U15JN1-0022,09/11/2019,16:00,VBT MACHELEN A,BDO HAASRODE LEUVEN A,"Sporthal Bosveld, Machelen",,,,
U15 Jongens Niveau 1,U15JN1-0027,16/11/2019,16:30,BDO HAASRODE LEUVEN B,VBT MACHELEN A,Sporthal Heverlee,,,,
U15 Jongens Niveau 1,U15JN1-0030,23/11/2019,14:30,KRUIKENBURG TERNAT A,VBT MACHELEN A,Sporthal Kruikenburg,,,,
U15 Jongens Niveau 1,U15JN1-0033,30/11/2019,16:30,VELVOC VELTEM-BEISEM,VBT MACHELEN A,"Sportcentrum Ivo Van Damme, Veltem-Beisem ",,,,
U15 Jongens Niveau 1,U15JN1-0036,04/01/2020,09:30,VBT MACHELEN A,LIZARDS LUBBEEK-LEUVEN A,"Sporthal Bosveld, Machelen",,,,
U15 Jongens Niveau 1,U15JN1-0042,11/01/2020,16:00,VBT MACHELEN A,BDO HAASRODE LEUVEN B,"Sporthal Bosveld, Machelen",,,,
U15 Jongens Niveau 1,U15JN1-0037,18/01/2020,14:00,BDO HAASRODE LEUVEN A,VBT MACHELEN A,Sporthal Heverlee,,,,
U15 Jongens Niveau 1,U15JN1-0045,25/01/2020,09:30,VBT MACHELEN A,KRUIKENBURG TERNAT A,"Sporthal Bosveld, Machelen",,,,
U15 Jongens Niveau 1,U15JN1-0048,01/02/2020,14:00,VBT MACHELEN A,VELVOC VELTEM-BEISEM,"Sporthal Bosveld, Machelen",,,,
U15 Jongens Niveau 1,U15JN1-0051,08/02/2020,14:00,LIZARDS LUBBEEK-LEUVEN A,VBT MACHELEN A,Sporthal Lubbeek,,,,
U15 Jongens Niveau 1,U15JN1-0052,14/03/2020,09:30,VBT MACHELEN A,BDO HAASRODE LEUVEN A,"Sporthal Bosveld, Machelen",,,,
U15 Jongens Niveau 1,U15JN1-0057,21/03/2020,16:30,BDO HAASRODE LEUVEN B,VBT MACHELEN A,Sporthal Heverlee,,,,
U15 Jongens Niveau 1,U15JN1-0060,25/04/2020,14:30,KRUIKENBURG TERNAT A,VBT MACHELEN A,Sporthal Kruikenburg,,,,
U15 Jongens Niveau 2 Reeks C,U15JN2C-0017,07/09/2019,09:30,VBT MACHELEN B,GRIVOK GRIMBERGEN,"Sporthal Bosveld, Machelen",,,,
U15 Jongens Niveau 2 Reeks C,U15JN2C-0009,05/10/2019,11:45,VBT MACHELEN B,BDO HAASRODE LEUVEN C,"Sporthal Bosveld, Machelen",,,,
U15 Jongens Niveau 2 Reeks C,U15JN2C-0011,12/10/2019,14:30,KRUIKENBURG TERNAT C,VBT MACHELEN B,Sporthal Kruikenburg,,,,
U15 Jongens Niveau 2 Reeks C,U15JN2C-0014,19/10/2019,09:30,VBT MACHELEN B,VCV LEEFDAAL-BERTEM,"Sporthal Bosveld, Machelen",,,,
U15 Jongens Niveau 2 Reeks C,U15JN2C-0002,02/11/2019,17:00,GRIVOK GRIMBERGEN,VBT MACHELEN B,"Gem. Sporthal Prinsenbos, Grimbergen",,,,
U15 Jongens Niveau 2 Reeks C,U15JN2C-0024,16/11/2019,11:30,BDO HAASRODE LEUVEN C,VBT MACHELEN B,Sporthal Heverlee,,,,
U15 Jongens Niveau 2 Reeks C,U15JN2C-0026,23/11/2019,17:30,VBT MACHELEN B,KRUIKENBURG TERNAT C,"Sporthal Bosveld, Machelen",,,,
U15 Jongens Niveau 2 Reeks C,U15JN2C-0029,01/12/2019,11:30,VCV LEEFDAAL-BERTEM,VBT MACHELEN B,"Gemeentelijke Sportzaal, Bertem",,,,
U13 Jongens Niveau 1,U13JN1-0001,07/09/2019,11:45,VBT MACHELEN A,KRUIKENBURG TERNAT A,"Sporthal Bosveld, Machelen",,,,
U13 Jongens Niveau 1,U13JN1-0007,06/10/2019,15:30,BDO HAASRODE LEUVEN A,VBT MACHELEN A,Sportcomplex Haasrode,,,,
U13 Jongens Niveau 1,U13JN1-0010,12/10/2019,11:45,VBT MACHELEN A,VOLLEY THOR TERVUREN,"Sporthal Bosveld, Machelen",,,,
U13 Jongens Niveau 1,U13JN1-0013,20/10/2019,14:00,VCV LEEFDAAL-BERTEM A,VBT MACHELEN A,"Gemeentelijke Sportzaal, Leefdaal",,,,
U13 Jongens Niveau 1,U13JN1-0017,02/11/2019,16:30,VOLLEY SCHEPDAAL VZW,VBT MACHELEN A,"Sporthal Caerenbergveld, Schepdaal",,,,
U13 Jongens Niveau 1,U13JN1-0019,09/11/2019,11:45,VBT MACHELEN A,DE SOLVELDERS TIELT-WINGE,"Sporthal Bosveld, Machelen",,,,
U13 Jongens Niveau 1,U13JN1-0022,16/11/2019,12:30,KRUIKENBURG TERNAT A,VBT MACHELEN A,Sporthal Kruikenburg,,,,
U13 Jongens Niveau 1,U13JN1-0032,23/11/2019,10:00,VOLLEY THOR TERVUREN,VBT MACHELEN A,"Sportcentrum Diependal, Tervuren",,,,
U13 Jongens Niveau 1,U13JN1-0029,30/11/2019,11:45,VBT MACHELEN A,BDO HAASRODE LEUVEN A,"Sporthal Bosveld, Machelen",,,,
U13 Jongens Niveau 1,U13JN1-0035,04/01/2020,11:45,VBT MACHELEN A,VCV LEEFDAAL-BERTEM A,"Sporthal Bosveld, Machelen",,,,
U13 Jongens Niveau 1,U13JN1-0042,11/01/2020,10:30,DE SOLVELDERS TIELT-WINGE,VBT MACHELEN A,Sporthal 't Solveld,,,,
U13 Jongens Niveau 1,U13JN1-0037,18/01/2020,14:00,VBT MACHELEN A,VOLLEY SCHEPDAAL VZW,"Sporthal Bosveld, Machelen",,,,
U13 Jongens Niveau 2 Reeks B,U13JN2B-0010,07/09/2019,09:30,VBT MACHELEN B,V.C. ZAVATH ZAVENTEM,"Sporthal Bosveld, Machelen",,,,
U13 Jongens Niveau 2 Reeks B,U13JN2B-0003,28/09/2019,16:00,STERKO KORTENBERG,VBT MACHELEN B,"Gemeentelijke Sporthal, Kortenberg",,,,
U13 Jongens Niveau 2 Reeks B,U13JN2B-0012,05/10/2019,10:00,HZ 93 HOFSTADE-ZEMST,VBT MACHELEN B,"Bloso Ter Heide, Hofstade",,,,
U13 Jongens Niveau 2 Reeks B,U13JN2B-0002,12/10/2019,09:30,VBT MACHELEN B,HZ 93 HOFSTADE-ZEMST,"Sporthal Bosveld, Machelen",,,,
U13 Jongens Niveau 2 Reeks B,U13JN2B-0007,19/10/2019,09:30,VBT MACHELEN B,GRIVOK GRIMBERGEN,"Sporthal Bosveld, Machelen",,,,
U13 Jongens Niveau 2 Reeks B,U13JN2B-0013,09/11/2019,09:30,VBT MACHELEN B,STERKO KORTENBERG,"Sporthal Bosveld, Machelen",,,,
U13 Jongens Niveau 2 Reeks B,U13JN2B-0017,23/11/2019,17:00,GRIVOK GRIMBERGEN,VBT MACHELEN B,"Gem. Sporthal Prinsenbos, Grimbergen",,,,
U13 Jongens Niveau 2 Reeks B,U13JN2B-0020,30/11/2019,14:30,V.C. ZAVATH ZAVENTEM,VBT MACHELEN B,"Gemeentelijke Sporthal, Zaventem",,,,
U11 Jongens 3-3 Niveau 1,U11J 3-3 N1-0001,07/09/2019,14:30,VOLLEY SCHEPDAAL VZW,VBT MACHELEN A,,,,,
U11 Jongens 3-3 Niveau 1,U11J 3-3 N1-0005,28/09/2019,09:30,VBT MACHELEN A,LIZARDS LUBBEEK-LEUVEN,"Sporthal Bosveld, Machelen",,,,
U11 Jongens 3-3 Niveau 1,U11J 3-3 N1-0007,05/10/2019,09:30,VBT MACHELEN A,VCV LEEFDAAL-BERTEM A,"Sporthal Bosveld, Machelen",,,,
U11 Jongens 3-3 Niveau 1,U11J 3-3 N1-0010,13/10/2019,15:30,N.V.V. TIENEN,VBT MACHELEN A,"Sportschuur Houtemveld, Tienen",,,,
U11 Jongens 3-3 Niveau 1,U11J 3-3 N1-0014,19/10/2019,16:30,BDO HAASRODE LEUVEN A,VBT MACHELEN A,Sporthal Heverlee,,,,
U11 Jongens 3-3 Niveau 1,U11J 3-3 N1-0020,26/10/2019,14:00,LIZARDS LUBBEEK-LEUVEN,VBT MACHELEN A,Sporthal Lubbeek,,,,
U11 Jongens 3-3 Niveau 1,U11J 3-3 N1-0016,02/11/2019,09:30,VBT MACHELEN A,VOLLEY SCHEPDAAL VZW,"Sporthal Bosveld, Machelen",,,,
U11 Jongens 3-3 Niveau 1,U11J 3-3 N1-0022,10/11/2019,16:30,VCV LEEFDAAL-BERTEM A,VBT MACHELEN A,"Gemeentelijke Sportzaal, Bertem",,,,
U11 Jongens 3-3 Niveau 1,U11J 3-3 N1-0025,16/11/2019,09:30,VBT MACHELEN A,N.V.V. TIENEN,"Sporthal Bosveld, Machelen",,,,
U11 Jongens 3-3 Niveau 1,U11J 3-3 N1-0029,23/11/2019,09:30,VBT MACHELEN A,BDO HAASRODE LEUVEN A,"Sporthal Bosveld, Machelen",,,,
U11 Jongens 3-3 Niveau 1,U11J 3-3 N1-0035,30/11/2019,09:30,VBT MACHELEN A,LIZARDS LUBBEEK-LEUVEN,"Sporthal Bosveld, Machelen",,,,
U11 Jongens 3-3 Niveau 1,U11J 3-3 N1-0031,04/01/2020,14:30,VOLLEY SCHEPDAAL VZW,VBT MACHELEN A,,,,,
U11 Jongens 3-3 Niveau 1,U11J 3-3 N1-0037,11/01/2020,09:30,VBT MACHELEN A,VCV LEEFDAAL-BERTEM A,"Sporthal Bosveld, Machelen",,,,
U11 Jongens 3-3 Niveau 1,U11J 3-3 N1-0055,18/01/2020,09:30,VBT MACHELEN A,N.V.V. TIENEN,"Sporthal Bosveld, Machelen",,,,
U11 Jongens 3-3 Niveau 1,U11J 3-3 N1-0044,25/01/2020,16:30,BDO HAASRODE LEUVEN A,VBT MACHELEN A,Sporthal Heverlee,,,,
U11 Jongens 3-3 Niveau 1,U11J 3-3 N1-0046,01/02/2020,09:30,VBT MACHELEN A,VOLLEY SCHEPDAAL VZW,"Sporthal Bosveld, Machelen",,,,
U11 Jongens 3-3 Niveau 1,U11J 3-3 N1-0050,08/02/2020,14:00,LIZARDS LUBBEEK-LEUVEN,VBT MACHELEN A,Sporthal Lubbeek,,,,
U11 Jongens 3-3 Niveau 1,U11J 3-3 N1-0052,14/03/2020,13:30,VCV LEEFDAAL-BERTEM A,VBT MACHELEN A,"Gemeentelijke Sportzaal, Leefdaal",,,,
U11 Jongens 3-3 Niveau 1,U11J 3-3 N1-0040,21/03/2020,14:30,N.V.V. TIENEN,VBT MACHELEN A,"Sportschuur Houtemveld, Tienen",,,,
U11 Jongens 3-3 Niveau 1,U11J 3-3 N1-0059,25/04/2020,09:30,VBT MACHELEN A,BDO HAASRODE LEUVEN A,"Sporthal Bosveld, Machelen",,,,
U11 Jongens 2-2 Niveau 1,U11J 2-2 N1-0003,28/09/2019,11:30,VBT MACHELEN B,VCV LEEFDAAL-BERTEM B,,,,,
U11 Jongens 2-2 Niveau 1,U11J 2-2 N1-0006,06/10/2019,09:00,SMASH NEERIJSE,VBT MACHELEN B,Sporthal Ter Dijle,,,,
U11 Jongens 2-2 Niveau 1,U11J 2-2 N1-0031,12/10/2019,09:30,VC ETERNIT KAPELLE O/D BOS,VBT MACHELEN B,"Sporthal Eternit, Kapelle-op-den-Bos",,,,
U11 Jongens 2-2 Niveau 1,U11J 2-2 N1-0015,19/10/2019,11:00,BEVOC BETEKOM,VBT MACHELEN B,"Sporthal De Tumkens, Betekom",,,,
U11 Jongens 2-2 Niveau 1,U11J 2-2 N1-0019,27/10/2019,10:00,KRUIKENBURG TERNAT A,VBT MACHELEN B,Sporthal Kruikenburg,,,,
U11 Jongens 2-2 Niveau 1,U11J 2-2 N1-0018,02/11/2019,11:30,VBT MACHELEN B,VELVOC VELTEM-BEISEM,,,,,
U11 Jongens 2-2 Niveau 1,U11J 2-2 N1-0036,16/11/2019,11:30,VBT MACHELEN B,BEVOC BETEKOM,,,,,
U11 Jongens 2-2 Niveau 1,U11J 2-2 N1-0025,23/11/2019,11:30,VBT MACHELEN B,SMASH NEERIJSE,,,,,
U11Jongens 2-2 Niveau 2 Reeks A,U11J2-2N2A-0014,07/09/2019,14:00,VBT MACHELEN C,BDO HAASRODE LEUVEN B,,,,,
U11Jongens 2-2 Niveau 2 Reeks A,U11J2-2N2A-0009,28/09/2019,14:45,ZUUN VOLLEYBAL CLUB,VBT MACHELEN C,"Wildersportcomplex, Sint-Pieters-Leeuw",,,,
U11Jongens 2-2 Niveau 2 Reeks A,U11J2-2N2A-0006,05/10/2019,14:00,VBT MACHELEN C,KRUIKENBURG TERNAT B,,,,,
U11Jongens 2-2 Niveau 2 Reeks A,U11J2-2N2A-0011,12/10/2019,10:30,KRUIKENBURG TERNAT C,VBT MACHELEN C,Sporthal Kruikenburg,,,,
U11Jongens 2-2 Niveau 2 Reeks A,U11J2-2N2A-0002,20/10/2019,10:00,VOLLEY THOR TERVUREN,VBT MACHELEN C,"Sportcentrum Diependal, Tervuren",,,,
U11Jongens 2-2 Niveau 2 Reeks A,U11J2-2N2A-0021,27/10/2019,12:00,KRUIKENBURG TERNAT B,VBT MACHELEN C,Sporthal Kruikenburg,,,,
U11Jongens 2-2 Niveau 2 Reeks A,U11J2-2N2A-0017,02/11/2019,14:00,VBT MACHELEN C,VOLLEY THOR TERVUREN,,,,,
U11Jongens 2-2 Niveau 2 Reeks A,U11J2-2N2A-0024,16/11/2019,14:00,VBT MACHELEN C,ZUUN VOLLEYBAL CLUB,,,,,
U11Jongens 2-2 Niveau 2 Reeks A,U11J2-2N2A-0026,23/11/2019,14:00,VBT MACHELEN C,KRUIKENBURG TERNAT C,,,,,
U11Jongens 2-2 Niveau 2 Reeks A,U11J2-2N2A-0029,30/11/2019,16:30,BDO HAASRODE LEUVEN B,VBT MACHELEN C,Sporthal Heverlee,,,,
U11 Gemengd 2-2 Niveau 3 Reeks C,U11X2-2N3C-0003,28/09/2019,13:30,SPARTANA STEENOKKERZEEL,VBT MACHELEN,"Gemeentelijke Sporthal, Steenokkerzeel",,,,
U11 Gemengd 2-2 Niveau 3 Reeks C,U11X2-2N3C-0007,12/10/2019,16:00,VBT MACHELEN,VC FENIKS HAACHT B,"Sporthal Bosveld, Machelen",,,,
U11 Gemengd 2-2 Niveau 3 Reeks C,U11X2-2N3C-0010,19/10/2019,11:30,V.C. ZAVATH ZAVENTEM,VBT MACHELEN,"Gemeentelijke Sporthal, Zaventem",,,,
U11 Gemengd 2-2 Niveau 3 Reeks C,U11X2-2N3C-0012,03/11/2019,13:30,HZ 93 HOFSTADE-ZEMST,VBT MACHELEN,"Bloso Ter Heide, Hofstade",,,,
U11 Gemengd 2-2 Niveau 3 Reeks C,U11X2-2N3C-0013,09/11/2019,11:30,VBT MACHELEN,SPARTANA STEENOKKERZEEL,"Sporthal Bosveld, Machelen",,,,
U11 Gemengd 2-2 Niveau 3 Reeks C,U11X2-2N3C-0017,23/11/2019,11:30,VC FENIKS HAACHT B,VBT MACHELEN,"Sportcomplex Den Dijk, Haacht (Wespelaar)",,,,
U11 Gemengd 2-2 Niveau 3 Reeks C,U11X2-2N3C-0020,30/11/2019,11:30,VBT MACHELEN,V.C. ZAVATH ZAVENTEM,"Sporthal Bosveld, Machelen",,,,
U11 Gemengd 2-2 Niveau 3 Reeks C,U11X2-2N3C-0002,07/12/2019,11:30,VBT MACHELEN,HZ 93 HOFSTADE-ZEMST,"Sporthal Bosveld, Machelen",,,,
U17 Meisjes Niveau 2 Reeks C,U17MN2C-0001,08/09/2019,15:30,VC ETERNIT KAPELLE O/D BOS,VBT MACHELEN,"Sporthal Eternit, Kapelle-op-den-Bos",,,,
U17 Meisjes Niveau 2 Reeks C,U17MN2C-0005,28/09/2019,11:30,VC FENIKS HAACHT,VBT MACHELEN,"Sportcomplex Den Dijk, Haacht (Wespelaar)",,,,
U17 Meisjes Niveau 2 Reeks C,U17MN2C-0022,05/10/2019,10:00,HZ 93 HOFSTADE-ZEMST,VBT MACHELEN,"Bloso Ter Heide, Hofstade",,,,
U17 Meisjes Niveau 2 Reeks C,U17MN2C-0010,12/10/2019,17:00,GRIVOK GRIMBERGEN B,VBT MACHELEN,"Gem. Sporthal Prinsenbos, Grimbergen",,,,
U17 Meisjes Niveau 2 Reeks C,U17MN2C-0029,19/10/2019,16:00,VBT MACHELEN,KEVOC KEERBERGEN,"Sporthal Bosveld, Machelen",,,,
U17 Meisjes Niveau 2 Reeks C,U17MN2C-0020,02/11/2019,14:00,VBT MACHELEN,VC FENIKS HAACHT,"Sporthal Bosveld, Machelen",,,,
U17 Meisjes Niveau 2 Reeks C,U17MN2C-0007,09/11/2019,14:00,VBT MACHELEN,HZ 93 HOFSTADE-ZEMST,"Sporthal Bosveld, Machelen",,,,
U17 Meisjes Niveau 2 Reeks C,U17MN2C-0016,16/11/2019,14:00,VBT MACHELEN,VC ETERNIT KAPELLE O/D BOS,"Sporthal Bosveld, Machelen",,,,
U17 Meisjes Niveau 2 Reeks C,U17MN2C-0025,23/11/2019,14:00,VBT MACHELEN,GRIVOK GRIMBERGEN B,"Sporthal Bosveld, Machelen",,,,
U17 Meisjes Niveau 2 Reeks C,U17MN2C-0014,30/11/2019,16:30,KEVOC KEERBERGEN,VBT MACHELEN,"Gemeentelijke Sporthal, Keerbergen",,,,
U15 Meisjes Niveau 1,U15MN1-0003,07/09/2019,15:30,VBT MACHELEN A,VC LENNIK DAMES A,"Sporthal Bosveld, Machelen",,,,
U15 Meisjes Niveau 1,U15MN1-0053,28/09/2019,14:00,VBT MACHELEN A,VOLLEYBALCLUB B.V.S. AARSCHOT A,"Sporthal Bosveld, Machelen",,,,
U15 Meisjes Niveau 1,U15MN1-0012,05/10/2019,11:45,VBT MACHELEN A,VOLLEY SCHEPDAAL VZW A,,,,,
U15 Meisjes Niveau 1,U15MN1-0017,20/10/2019,14:30,VOLANZO LANDEN-ZOUTLEEUW,VBT MACHELEN A,"Stadshal, Landen",,,,
U15 Meisjes Niveau 1,U15MN1-0021,02/11/2019,09:30,VBT MACHELEN A,GOVOK CAMMAERT GOOIK  VZW,"Sporthal Bosveld, Machelen",,,,
U15 Meisjes Niveau 1,U15MN1-0031,09/11/2019,17:30,BDO HAASRODE LEUVEN B,VBT MACHELEN A,Sporthal Heverlee,,,,
U15 Meisjes Niveau 1,U15MN1-0042,16/11/2019,11:45,VBT MACHELEN A,BDO HAASRODE LEUVEN A,,,,,
U15 Meisjes Niveau 1,U15MN1-0039,23/11/2019,11:45,VBT MACHELEN A,LIZARDS LUBBEEK-LEUVEN,,,,,
U15 Meisjes Niveau 1,U15MN1-0048,30/11/2019,11:00,VC LENNIK DAMES A,VBT MACHELEN A,"Gem. Sporthal Jo Baetens, Lennik",,,,
U15 Meisjes Niveau 1,U15MN1-0009,11/01/2020,13:30,VOLLEYBALCLUB B.V.S. AARSCHOT A,VBT MACHELEN A,"Sint-Jozefscollege, Aarschot",,,,
U15 Meisjes Niveau 1,U15MN1-0056,18/01/2020,16:30,VOLLEY SCHEPDAAL VZW A,VBT MACHELEN A,"Sporthal Caerenbergveld, Schepdaal",,,,
U15 Meisjes Niveau 1,U15MN1-0068,26/01/2020,13:00,GOVOK CAMMAERT GOOIK  VZW,VBT MACHELEN A,"Sporthal Koornmolen, Gooik",,,,
U15 Meisjes Niveau 1,U15MN1-0061,01/02/2020,11:45,VBT MACHELEN A,VOLANZO LANDEN-ZOUTLEEUW,,,,,
U15 Meisjes Niveau 1,U15MN1-0029,08/02/2020,16:30,KRUIKENBURG TERNAT,VBT MACHELEN A,Sporthal Kruikenburg,,,,
U15 Meisjes Niveau 1,U15MN1-0075,15/02/2020,11:45,VBT MACHELEN A,KRUIKENBURG TERNAT,,,,,
U15 Meisjes Niveau 1,U15MN1-0079,07/03/2020,11:45,VBT MACHELEN A,BDO HAASRODE LEUVEN B,,,,,
U15 Meisjes Niveau 1,U15MN1-0081,14/03/2020,14:00,LIZARDS LUBBEEK-LEUVEN,VBT MACHELEN A,Sporthal Lubbeek,,,,
U15 Meisjes Niveau 1,U15MN1-0089,25/04/2020,10:30,BDO HAASRODE LEUVEN A,VBT MACHELEN A,Sportcomplex Haasrode,,,,
U15 Meisjes Niveau 2 Reeks E,U15MN2E-0001,08/09/2019,11:30,KREG ROTSELAAR B,VBT MACHELEN B,"Sportoase De Meander, Rotselaar",,,,
U15 Meisjes Niveau 2 Reeks E,U15MN2E-0013,05/10/2019,11:30,STERKO KORTENBERG,VBT MACHELEN B,Sporthal Erps-Kwerps,,,,
U15 Meisjes Niveau 2 Reeks E,U15MN2E-0008,12/10/2019,09:30,VC FENIKS HAACHT,VBT MACHELEN B,"Sportcomplex Den Dijk, Haacht (Wespelaar)",,,,
U15 Meisjes Niveau 2 Reeks E,U15MN2E-0006,19/10/2019,16:30,KEVOC KEERBERGEN,VBT MACHELEN B,"Gemeentelijke Sporthal, Keerbergen",,,,
U15 Meisjes Niveau 2 Reeks E,U15MN2E-0011,02/11/2019,11:45,VBT MACHELEN B,KREG ROTSELAAR B,"Sporthal Bosveld, Machelen",,,,
U15 Meisjes Niveau 2 Reeks E,U15MN2E-0003,09/11/2019,09:30,VBT MACHELEN B,STERKO KORTENBERG,"Sporthal Bosveld, Machelen",,,,
U15 Meisjes Niveau 2 Reeks E,U15MN2E-0016,16/11/2019,12:30,VBT MACHELEN B,KEVOC KEERBERGEN,"Sporthal Bosveld, Machelen",,,,
U15 Meisjes Niveau 2 Reeks E,U15MN2E-0018,23/11/2019,09:30,VBT MACHELEN B,VC FENIKS HAACHT,"Sporthal Bosveld, Machelen",,,,
U13 Meisjes Niveau 1 Reeks B,U13MN1B-0001,08/09/2019,09:30,LIZARDS LUBBEEK-LEUVEN A,VBT MACHELEN A,Sporthal Lubbeek,,,,
U13 Meisjes Niveau 1 Reeks B,U13MN1B-0009,12/10/2019,11:45,VBT MACHELEN A,VOLLEY SCHEPDAAL VZW B,"Sporthal Bosveld, Machelen",,,,
U13 Meisjes Niveau 1 Reeks B,U13MN1B-0021,19/10/2019,11:45,VBT MACHELEN A,GOVOK CAMMAERT GOOIK  VZW B,"Sporthal Bosveld, Machelen",,,,
U13 Meisjes Niveau 1 Reeks B,U13MN1B-0013,02/11/2019,12:30,KRUIKENBURG TERNAT A,VBT MACHELEN A,Sporthal Kruikenburg,,,,
U13 Meisjes Niveau 1 Reeks B,U13MN1B-0014,09/11/2019,09:30,VBT MACHELEN A,BDO HAASRODE LEUVEN B,"Sporthal Bosveld, Machelen",,,,
U13 Meisjes Niveau 1 Reeks B,U13MN1B-0016,16/11/2019,16:00,VBT MACHELEN A,LIZARDS LUBBEEK-LEUVEN A,"Sporthal Bosveld, Machelen",,,,
U13 Meisjes Niveau 1 Reeks B,U13MN1B-0006,30/11/2019,14:30,GOVOK CAMMAERT GOOIK  VZW B,VBT MACHELEN A,"Sporthal Koornmolen, Gooik",,,,
U13 Meisjes Niveau 1 Reeks B,U13MN1B-0024,04/01/2020,14:30,VOLLEY SCHEPDAAL VZW B,VBT MACHELEN A,"Sporthal Caerenbergveld, Schepdaal",,,,
U13 Meisjes Niveau 1 Reeks B,U13MN1B-0029,18/01/2020,14:00,BDO HAASRODE LEUVEN B,VBT MACHELEN A,Sporthal Heverlee,,,,
U13 Meisjes Niveau 1 Reeks B,U13MN1B-0027,25/01/2020,11:45,VBT MACHELEN A,KRUIKENBURG TERNAT A,"Sporthal Bosveld, Machelen",,,,
U13 Meisjes Niveau 2 Reeks E,U13MN2E-0007,08/09/2019,12:30,VC ETERNIT KAPELLE O/D BOS B,VBT MACHELEN B,"Sporthal Eternit, Kapelle-op-den-Bos",,,,
U13 Meisjes Niveau 2 Reeks E,U13MN2E-0004,28/09/2019,11:45,VBT MACHELEN B,VC FENIKS HAACHT A,"Sporthal Bosveld, Machelen",,,,
U13 Meisjes Niveau 2 Reeks E,U13MN2E-0015,05/10/2019,14:00,GRIVOK GRIMBERGEN,VBT MACHELEN B,"Gem. Sporthal Prinsenbos, Grimbergen",,,,
U13 Meisjes Niveau 2 Reeks E,U13MN2E-0001,19/10/2019,17:00,VC KNØDDE MEISE C,VBT MACHELEN B,Sporthal Meise,,,,
U13 Meisjes Niveau 2 Reeks E,U13MN2E-0011,02/11/2019,09:30,VBT MACHELEN B,VC KNØDDE MEISE C,"Sporthal Bosveld, Machelen",,,,
U13 Meisjes Niveau 2 Reeks E,U13MN2E-0014,09/11/2019,09:30,VC FENIKS HAACHT A,VBT MACHELEN B,"Sportcomplex Den Dijk, Haacht (Wespelaar)",,,,
U13 Meisjes Niveau 2 Reeks E,U13MN2E-0005,16/11/2019,11:45,VBT MACHELEN B,GRIVOK GRIMBERGEN,"Sporthal Bosveld, Machelen",,,,
U13 Meisjes Niveau 2 Reeks E,U13MN2E-0017,23/11/2019,11:45,VBT MACHELEN B,VC ETERNIT KAPELLE O/D BOS B,"Sporthal Bosveld, Machelen",,,,
U13 Meisjes Niveau 2 Reeks F,U13MN2F-0001,07/09/2019,11:30,VC FENIKS HAACHT B,VBT MACHELEN C,"Sportcomplex Den Dijk, Haacht (Wespelaar)",,,,
U13 Meisjes Niveau 2 Reeks F,U13MN2F-0013,28/09/2019,10:30,SPARTANA STEENOKKERZEEL,VBT MACHELEN C,"Gemeentelijke Sporthal, Steenokkerzeel",,,,
U13 Meisjes Niveau 2 Reeks F,U13MN2F-0006,05/10/2019,12:30,HZ 93 HOFSTADE-ZEMST,VBT MACHELEN C,"Bloso Ter Heide, Hofstade",,,,
U13 Meisjes Niveau 2 Reeks F,U13MN2F-0008,12/10/2019,14:00,KEVOC KEERBERGEN,VBT MACHELEN C,"Gemeentelijke Sporthal, Keerbergen",,,,
U13 Meisjes Niveau 2 Reeks F,U13MN2F-0018,02/11/2019,11:45,VBT MACHELEN C,KEVOC KEERBERGEN,"Sporthal Bosveld, Machelen",,,,
U13 Meisjes Niveau 2 Reeks F,U13MN2F-0011,16/11/2019,09:30,VBT MACHELEN C,VC FENIKS HAACHT B,,,,,
U13 Meisjes Niveau 2 Reeks F,U13MN2F-0016,23/11/2019,09:30,VBT MACHELEN C,HZ 93 HOFSTADE-ZEMST,,,,,
U13 Meisjes Niveau 2 Reeks F,U13MN2F-0003,30/11/2019,09:30,VBT MACHELEN C,SPARTANA STEENOKKERZEEL,"Sporthal Bosveld, Machelen",,,,
U11 Meisjes 3-3 Niveau 1,U11M 3-3 N1-0003,07/09/2019,16:00,VBT MACHELEN A,N.V.V. TIENEN A,"Sporthal Bosveld, Machelen",,,,
U11 Meisjes 3-3 Niveau 1,U11M 3-3 N1-0018,22/09/2019,16:00,N.V.V. TIENEN A,VBT MACHELEN A,"Sportschuur Houtemveld, Tienen",,,,
U11 Meisjes 3-3 Niveau 1,U11M 3-3 N1-0006,28/09/2019,16:00,VBT MACHELEN A,BDO HAASRODE LEUVEN A,"Sporthal Bosveld, Machelen",,,,
U11 Meisjes 3-3 Niveau 1,U11M 3-3 N1-0007,05/10/2019,10:30,KRUIKENBURG TERNAT A,VBT MACHELEN A,Sporthal Kruikenburg,,,,
U11 Meisjes 3-3 Niveau 1,U11M 3-3 N1-0012,12/10/2019,09:30,VBT MACHELEN A,VC FENIKS HAACHT A,"Sporthal Bosveld, Machelen",,,,
U11 Meisjes 3-3 Niveau 1,U11M 3-3 N1-0015,19/10/2019,16:00,VBT MACHELEN A,GOVOK CAMMAERT GOOIK  VZW A,"Sporthal Bosveld, Machelen",,,,
U11 Meisjes 3-3 Niveau 1,U11M 3-3 N1-0022,02/11/2019,16:00,VBT MACHELEN A,KRUIKENBURG TERNAT A,"Sporthal Bosveld, Machelen",,,,
U11 Meisjes 3-3 Niveau 1,U11M 3-3 N1-0027,09/11/2019,09:30,VC FENIKS HAACHT A,VBT MACHELEN A,"Sportcomplex Den Dijk, Haacht (Wespelaar)",,,,
U11 Meisjes 3-3 Niveau 1,U11M 3-3 N1-0021,16/11/2019,14:00,BDO HAASRODE LEUVEN A,VBT MACHELEN A,Sporthal Heverlee,,,,
U11 Meisjes 3-3 Niveau 1,U11M 3-3 N1-0030,24/11/2019,15:00,GOVOK CAMMAERT GOOIK  VZW A,VBT MACHELEN A,"Sporthal Koornmolen, Gooik",,,,
U11 Meisjes 3-3 Niveau 1,U11M 3-3 N1-0033,30/11/2019,16:00,VBT MACHELEN A,N.V.V. TIENEN A,"Sporthal Bosveld, Machelen",,,,
U11 Meisjes 3-3 Niveau 1,U11M 3-3 N1-0036,04/01/2020,16:00,VBT MACHELEN A,BDO HAASRODE LEUVEN A,"Sporthal Bosveld, Machelen",,,,
U11 Meisjes 3-3 Niveau 1,U11M 3-3 N1-0037,11/01/2020,10:30,KRUIKENBURG TERNAT A,VBT MACHELEN A,Sporthal Kruikenburg,,,,
U11 Meisjes 3-3 Niveau 1,U11M 3-3 N1-0042,18/01/2020,16:00,VBT MACHELEN A,VC FENIKS HAACHT A,"Sporthal Bosveld, Machelen",,,,
U11 Meisjes 3-3 Niveau 1,U11M 3-3 N1-0045,25/01/2020,16:00,VBT MACHELEN A,GOVOK CAMMAERT GOOIK  VZW A,"Sporthal Bosveld, Machelen",,,,
U11 Meisjes 3-3 Niveau 1,U11M 3-3 N1-0048,01/02/2020,13:00,N.V.V. TIENEN A,VBT MACHELEN A,"Sportschuur Houtemveld, Tienen",,,,
U11 Meisjes 3-3 Niveau 1,U11M 3-3 N1-0051,08/02/2020,14:00,BDO HAASRODE LEUVEN A,VBT MACHELEN A,Sporthal Heverlee,,,,
U11 Meisjes 3-3 Niveau 1,U11M 3-3 N1-0052,14/03/2020,16:00,VBT MACHELEN A,KRUIKENBURG TERNAT A,"Sporthal Bosveld, Machelen",,,,
U11 Meisjes 3-3 Niveau 1,U11M 3-3 N1-0057,21/03/2020,14:00,VC FENIKS HAACHT A,VBT MACHELEN A,"Sportcomplex Den Dijk, Haacht (Wespelaar)",,,,
U11 Meisjes 3-3 Niveau 1,U11M 3-3 N1-0060,25/04/2020,12:30,GOVOK CAMMAERT GOOIK  VZW A,VBT MACHELEN A,"Sporthal Koornmolen, Gooik",,,,
U11 Meisjes 2-2 Niveau 1 Reeks B,U11M2-2N1B-0001,08/09/2019,11:30,VOLLEYBALCLUB B.V.S. AARSCHOT A,VBT MACHELEN B,"Sint-Jozefscollege, Aarschot",,,,
U11 Meisjes 2-2 Niveau 1 Reeks B,U11M2-2N1B-0010,29/09/2019,09:30,VC MOLENSTEDE A,VBT MACHELEN B,Sportzaal KTA1,,,,
U11 Meisjes 2-2 Niveau 1 Reeks B,U11M2-2N1B-0005,05/10/2019,16:00,VBT MACHELEN B,VC FENIKS HAACHT B,"Sporthal Bosveld, Machelen",,,,
U11 Meisjes 2-2 Niveau 1 Reeks B,U11M2-2N1B-0007,12/10/2019,11:00,BEVOC BETEKOM A,VBT MACHELEN B,"Ontmoetingscentrum De Tumkens, Betekom",,,,
U11 Meisjes 2-2 Niveau 1 Reeks B,U11M2-2N1B-0014,19/10/2019,14:00,KEVOC KEERBERGEN,VBT MACHELEN B,"Gemeentelijke Sporthal, Keerbergen",,,,
U11 Meisjes 2-2 Niveau 1 Reeks B,U11M2-2N1B-0016,02/11/2019,16:00,VBT MACHELEN B,VOLLEYBALCLUB B.V.S. AARSCHOT A,"Sporthal Bosveld, Machelen",,,,
U11 Meisjes 2-2 Niveau 1 Reeks B,U11M2-2N1B-0020,09/11/2019,11:30,VC FENIKS HAACHT B,VBT MACHELEN B,"Sportcomplex Den Dijk, Haacht (Wespelaar)",,,,
U11 Meisjes 2-2 Niveau 1 Reeks B,U11M2-2N1B-0022,16/11/2019,16:00,VBT MACHELEN B,BEVOC BETEKOM A,"Sporthal Bosveld, Machelen",,,,
U11 Meisjes 2-2 Niveau 1 Reeks B,U11M2-2N1B-0025,23/11/2019,16:00,VBT MACHELEN B,VC MOLENSTEDE A,"Sporthal Bosveld, Machelen",,,,
U11 Meisjes 2-2 Niveau 1 Reeks B,U11M2-2N1B-0029,30/11/2019,16:00,VBT MACHELEN B,KEVOC KEERBERGEN,"Sporthal Bosveld, Machelen",,,,
U11 Meisjes 2-2 Niveau 2 Reeks E,U11M2-2N2E-0002,07/09/2019,16:00,VBT MACHELEN C,VC KNØDDE MEISE A,"Sporthal Bosveld, Machelen",,,,
U11 Meisjes 2-2 Niveau 2 Reeks E,U11M2-2N2E-0015,28/09/2019,16:00,WOLVERTEM SPORTING,VBT MACHELEN C,"Sportschuur, Wolvertem",,,,
U11 Meisjes 2-2 Niveau 2 Reeks E,U11M2-2N2E-0004,05/10/2019,11:30,GRIVOK GRIMBERGEN A,VBT MACHELEN C,"Gem. Sporthal Prinsenbos, Grimbergen",,,,
U11 Meisjes 2-2 Niveau 2 Reeks E,U11M2-2N2E-0010,12/10/2019,14:00,VBT MACHELEN C,DAATMET LIEDEKERKE B,"Sporthal Bosveld, Machelen",,,,
U11 Meisjes 2-2 Niveau 2 Reeks E,U11M2-2N2E-0017,02/11/2019,17:00,VC KNØDDE MEISE A,VBT MACHELEN C,Sporthal Meise,,,,
U11 Meisjes 2-2 Niveau 2 Reeks E,U11M2-2N2E-0019,09/11/2019,14:00,VBT MACHELEN C,GRIVOK GRIMBERGEN A,"Sporthal Bosveld, Machelen",,,,
U11 Meisjes 2-2 Niveau 2 Reeks E,U11M2-2N2E-0023,17/11/2019,09:30,VC ETERNIT KAPELLE O/D BOS,VBT MACHELEN C,"Sporthal Eternit, Kapelle-op-den-Bos",,,,
U11 Meisjes 2-2 Niveau 2 Reeks E,U11M2-2N2E-0025,23/11/2019,13:30,DAATMET LIEDEKERKE B,VBT MACHELEN C,"Sporthal Heuvelkouter, Liedekerke",,,,
U11 Meisjes 2-2 Niveau 2 Reeks E,U11M2-2N2E-0030,30/11/2019,14:00,VBT MACHELEN C,WOLVERTEM SPORTING,"Sporthal Bosveld, Machelen",,,,
U11 Meisjes 2-2 Niveau 2 Reeks E,U11M2-2N2E-0008,07/12/2019,14:00,VBT MACHELEN C,VC ETERNIT KAPELLE O/D BOS,"Sporthal Bosveld, Machelen",,,,
Jeugdbeker VLBR U19 Jongens,JBVLBR U19J-101,15/11/2019,20:00,DAVOC LOT,VBT MACHELEN,"Vogelenzang, Lot",,,,
Jeugdbeker VLBR U17 Jongens,JBVLBR U17J-104,26/11/2019,19:00,VBT MACHELEN,JEUGDVOLLEYBAL LONDERZEEL,"Sporthal Bosveld, Machelen",,,,
Jeugdbeker VLBR U15 Jongens,JBVLBR U15J-101,21/12/2019,09:30,VC FENIKS HAACHT,VBT MACHELEN,"Sportcomplex Den Dijk, Haacht (Wespelaar)",,,,
Jeugdbeker VLBR U13 Jongens,JBVLBR U13J-002,22/09/2019,10:30,VBT MACHELEN,KRUIKENBURG TERNAT A,"Sporthal Bosveld, Machelen",,,,
Jeugdbeker VLBR U11 Jongens,JBVLBR U11J-204,09/02/2020,23:00,VBT MACHELEN,KRUIKENBURG TERNAT,"Sporthal Bosveld, Machelen",,,,
Jeugdbeker VLBR U15 Meisjes,JBVLBR U15M-001,13/10/2019,14:30,VOLANZO LANDEN-ZOUTLEEUW,VBT MACHELEN,"Stadshal, Landen",,,,
Jeugdbeker VLBR U11 Meisjes,JBVLBR U11M-107,07/12/2019,16:00,VBT MACHELEN,GOVOK CAMMAERT GOOIK  VZW,"Sporthal Bosveld, Machelen",,,,
