Reeks,Wedstrijdnr,Datum,Uur,Thuis,Bezoekers,Sporthall,Uitslag,Setstanden,Uitslag reserven,Setstanden reserven
2de divisie heren B,H2B-0002,16/09/2018,16:00,OXACO BVC ANTWERPEN ,VBT MACHELEN ,"Capenberg Oxaco Center, Boechout",3 - 0,"25/13, 25/19, 25/23",1 - 2,"25/14, 23/25, 13/15"
2de divisie heren B,H2B-0018,29/09/2018,20:30,VC SMASH LIER ,VBT MACHELEN ,"Stedelijke Sporthal, Lier",3 - 0,"25/23, 25/19, 25/18",3 - 0,"25/18, 25/19, 15/9"
2de divisie heren B,H2B-0020,13/10/2018,20:30,VBT MACHELEN ,BERG-OP WIJGMAAL,"Sporthal Bosveld, Machelen",1 - 3,"18/25, 18/25, 25/17, 15/25",1 - 2,"25/20, 11/25, 9/15"
2de divisie heren B,H2B-0032,03/11/2018,20:30,VBT MACHELEN ,VCV LEEFDAAL-BERTEM ,"Sporthal Bosveld, Machelen",,,,
2de divisie heren B,H2B-0028,07/11/2018,20:00,TOPSPORT SCHOOL VILVOORDE B,VBT MACHELEN ,EVC Vilvoorde,,,,
2de divisie heren B,H2B-0040,10/11/2018,20:30,VBT MACHELEN ,VC TESLA LINT B,"Sporthal Bosveld, Machelen",,,,
2de divisie heren B,H2B-0048,18/11/2018,18:00,MORTSEL VOLLEY ANTWERPEN,VBT MACHELEN ,"Sporthal Den Drab, Mortsel",,,,
2de divisie heren B,H2B-0008,24/11/2018,17:00,VBT MACHELEN ,BMV BEVEREN MELSELE ,"Sporthal Bosveld, Machelen",,,,
2de divisie heren B,H2B-0050,01/12/2018,20:30,GEEL ZWART WIJNEGEM ,VBT MACHELEN ,Gem. Sportcentrum Wijnegem,,,,
2de divisie heren B,H2B-0058,08/12/2018,20:30,VBT MACHELEN ,VOLMAR EKEREN,"Sporthal Bosveld, Machelen",,,,
2de divisie heren B,H2B-0062,15/12/2018,20:30,FH NIJLEN ,VBT MACHELEN ,"Sporthal ´t Zand, Nijlen",,,,
2de divisie heren B,H2B-0068,22/12/2018,20:30,VBT MACHELEN ,OXACO BVC ANTWERPEN ,"Sporthal Bosveld, Machelen",,,,
2de divisie heren B,H2B-0073,12/01/2019,20:30,BMV BEVEREN MELSELE ,VBT MACHELEN ,"Sporthal ´t Wit Zand, Melsele",,,,
2de divisie heren B,H2B-0080,19/01/2019,20:30,VBT MACHELEN ,VC SMASH LIER ,"Sporthal Bosveld, Machelen",,,,
2de divisie heren B,H2B-0089,26/01/2019,20:30,BERG-OP WIJGMAAL,VBT MACHELEN ,"Sporthal Ymeria, Wijgmaal",,,,
2de divisie heren B,H2B-0092,02/02/2019,20:30,VBT MACHELEN ,TOPSPORT SCHOOL VILVOORDE B,"Sporthal Bosveld, Machelen",,,,
2de divisie heren B,H2B-0099,16/02/2019,20:30,VCV LEEFDAAL-BERTEM ,VBT MACHELEN ,"Gem. Sportzaal, Leefdaal",,,,
2de divisie heren B,H2B-0106,23/02/2019,17:00,VC TESLA LINT B,VBT MACHELEN ,Centrum De Witte Merel zaal A,,,,
2de divisie heren B,H2B-0112,09/03/2019,20:30,VBT MACHELEN ,MORTSEL VOLLEY ANTWERPEN,"Sporthal Bosveld, Machelen",,,,
2de divisie heren B,H2B-0116,23/03/2019,20:30,VBT MACHELEN ,GEEL ZWART WIJNEGEM ,"Sporthal Bosveld, Machelen",,,,
2de divisie heren B,H2B-0124,30/03/2019,20:30,VOLMAR EKEREN,VBT MACHELEN ,"Koninklijk Atheneum, Ekeren",,,,
2de divisie heren B,H2B-0130,06/04/2019,20:30,VBT MACHELEN ,FH NIJLEN ,"Sporthal Bosveld, Machelen",,,,
Vlaamse Beker - Heren,VBH-0002,08/09/2018,20:00,LIZARDS LUBBEEK-LEUVEN A,VBT MACHELEN A,"Sporthal Korbeek-Lo, Leuven",1 - 3,"23/25, 25/16, 16/25, 22/25",,
Vlaamse Beker - Heren,VBH-0004,20/10/2018,15:00,VBT MACHELEN A,JTV DERO ZELE - BERLARE A,"Sporthal Bosveld, Machelen",3 - 1,"25/27, 25/23, 25/21, 25/20",,
Vlaamse Beker - Heren,VBH-0021,24/11/2018,20:00,VBT MACHELEN A,VCA 2011 AVERBODE B,"Sporthal Bosveld, Machelen",,,,
2de Provinciale Mannen B,2PMB-0012,23/09/2018,13:30,VC ETERNIT KAPELLE O/D BOS B,VBT MACHELEN B,"Sporthal Eternit, Kapelle-op-den-Bos",3 - 0,"25/9, 25/15, 25/16",1 - 2,"25/22, 22/25, 12/15"
2de Provinciale Mannen B,2PMB-0017,29/09/2018,16:00,VBT MACHELEN B,VC KNØDDE MEISE,"Sporthal Bosveld, Machelen",0 - 3,"14/25, 20/25, 10/25",0 - 3,"21/25, 17/25, 16/18"
2de Provinciale Mannen B,2PMB-0020,06/10/2018,17:30,AVO WEMMEL,VBT MACHELEN B,"Gemeentelijke Sporthal, Wemmel",3 - 0,"25/16, 25/16, 25/16",3 - 0,"25/17, 25/20, 15/13"
2de Provinciale Mannen B,2PMB-0029,13/10/2018,16:00,VBT MACHELEN B,JEUGDVOLLEYBAL LONDERZEEL,"Sporthal Bosveld, Machelen",3 - 2,"14/25, 25/17, 21/25, 25/22, 16/14",0 - 3,"18/25, 18/25, 13/15"
2de Provinciale Mannen B,2PMB-0034,19/10/2018,20:30,DAVOC LOT B,VBT MACHELEN B,"Vogelenzang, Lot",2 - 3,"27/25, 22/25, 16/25, 25/18, 10/15",1 - 2,"25/15, 23/25, 13/15"
2de Provinciale Mannen B,2PMB-0077,27/10/2018,17:00,VBT MACHELEN B,VC ETERNIT KAPELLE O/D BOS B,"Sporthal Bosveld, Machelen",0 - 3,"14/25, 19/25, 20/25",0 - 3,"14/25, 15/25, 10/15"
2de Provinciale Mannen B,2PMB-0005,03/11/2018,16:00,VBT MACHELEN B,BDO HAASRODE LEUVEN (VHL) F,"Sporthal Bosveld, Machelen",,,,
2de Provinciale Mannen B,2PMB-0039,11/11/2018,14:00,KRUIKENBURG TERNAT heren C,VBT MACHELEN B,Sporthal Kruikenburg,,,,
2de Provinciale Mannen B,2PMB-0045,17/11/2018,20:00,VBT MACHELEN B,KRUIKENBURG TERNAT heren B,"Sporthal Bosveld, Machelen",,,,
2de Provinciale Mannen B,2PMB-0051,01/12/2018,20:30,WOLVERTEM SPORTING A,VBT MACHELEN B,"Sportschuur, Wolvertem",,,,
2de Provinciale Mannen B,2PMB-0125,08/12/2018,20:30,KEVOC KEERBERGEN B,VBT MACHELEN B,"Gemeentelijke Sporthal, Keerbergen",,,,
2de Provinciale Mannen B,2PMB-0063,15/12/2018,20:30,VOLLEY OPWIJK,VBT MACHELEN B,"Sportzaal Vrij Katholiek Onderwijs, Opwijk",,,,
2de Provinciale Mannen B,2PMB-0071,22/12/2018,17:30,BDO HAASRODE LEUVEN (VHL) F,VBT MACHELEN B,Sporthal Heverlee,,,,
2de Provinciale Mannen B,2PMB-0079,19/01/2019,20:30,VC KNØDDE MEISE,VBT MACHELEN B,Sporthal Meise,,,,
2de Provinciale Mannen B,2PMB-0089,26/01/2019,20:00,VBT MACHELEN B,AVO WEMMEL,"Sporthal Bosveld, Machelen",,,,
2de Provinciale Mannen B,2PMB-0093,02/02/2019,15:30,JEUGDVOLLEYBAL LONDERZEEL,VBT MACHELEN B,"Sportcentrum Blauvenne, Londerzeel",,,,
2de Provinciale Mannen B,2PMB-0101,16/02/2019,16:00,VBT MACHELEN B,DAVOC LOT B,"Sporthal Bosveld, Machelen",,,,
2de Provinciale Mannen B,2PMB-0105,23/02/2019,15:00,VBT MACHELEN B,KRUIKENBURG TERNAT heren C,"Sporthal Bosveld, Machelen",,,,
2de Provinciale Mannen B,2PMB-0109,17/03/2019,18:00,KRUIKENBURG TERNAT heren B,VBT MACHELEN B,Sporthal Kruikenburg,,,,
2de Provinciale Mannen B,2PMB-0117,23/03/2019,16:00,VBT MACHELEN B,WOLVERTEM SPORTING A,"Sporthal Bosveld, Machelen",,,,
2de Provinciale Mannen B,2PMB-0059,30/03/2019,15:00,VBT MACHELEN B,KEVOC KEERBERGEN B,"Sporthal Bosveld, Machelen",,,,
2de Provinciale Mannen B,2PMB-0131,06/04/2019,16:00,VBT MACHELEN B,VOLLEY OPWIJK,"Sporthal Bosveld, Machelen",,,,
3de Provinciale Mannen A,3PMA-0001,15/09/2018,20:00,VBT MACHELEN C,RUISBROEK 84,"Sporthal Bosveld, Machelen",3 - 0,"25/14, 25/11, 25/13",3 - 0,"25/8, 25/18, 15/10"
3de Provinciale Mannen A,3PMA-0008,22/09/2018,14:30,VC LENNIK HEREN A,VBT MACHELEN C,"Gem. Sporthal Jo Baetens, Lennik",3 - 1,"21/25, 25/13, 25/18, 25/15",3 - 0,"25/12, 25/17, 15/12"
3de Provinciale Mannen A,3PMA-0013,29/09/2018,20:00,VBT MACHELEN C,LIZARDS LUBBEEK-LEUVEN D,"Sporthal Bosveld, Machelen",3 - 0,"25/13, 25/18, 25/17",2 - 1,"26/24, 21/25, 19/17"
3de Provinciale Mannen A,3PMA-0022,06/10/2018,16:00,VC LENNIK HEREN B,VBT MACHELEN C,"Gem. Sporthal Jo Baetens, Lennik",3 - 0,"25/12, 25/15, 25/18",3 - 0,"25/18, 25/19, 15/13"
3de Provinciale Mannen A,3PMA-0025,13/10/2018,20:00,VBT MACHELEN C,VC FENIKS HAACHT E,"Sporthal Bosveld, Machelen",1 - 3,"12/25, 14/25, 25/23, 20/25",0 - 3,"14/25, 16/25, 6/15"
3de Provinciale Mannen A,3PMA-0036,20/10/2018,18:00,V.C. ZAVATH ZAVENTEM,VBT MACHELEN C,"Gemeentelijke Sporthal, Zaventem",0 - 3,"11/25, 17/25, 6/25",2 - 1,"25/22, 22/25, 15/6"
3de Provinciale Mannen A,3PMA-0085,03/11/2018,20:00,VBT MACHELEN C,VC LENNIK HEREN B,"Sporthal Bosveld, Machelen",,,,
3de Provinciale Mannen A,3PMA-0037,10/11/2018,20:00,VBT MACHELEN C,KLB SOLLENBEEMD HALLE,"Sporthal Bosveld, Machelen",,,,
3de Provinciale Mannen A,3PMA-0055,17/11/2018,15:00,VBT MACHELEN C,VOLLEY SCHEPDAAL VZW B,"Sporthal Bosveld, Machelen",,,,
3de Provinciale Mannen A,3PMA-0045,24/11/2018,20:30,WOLVERTEM SPORTING B,VBT MACHELEN C,"Sportschuur, Wolvertem",,,,
3de Provinciale Mannen A,3PMA-0065,15/12/2018,15:00,VOLLEY OPWIJK - LINDEMANS AALST,VBT MACHELEN C,"Sporthal PIVO, Relegem",,,,
3de Provinciale Mannen A,3PMA-0067,22/12/2018,20:00,RUISBROEK 84,VBT MACHELEN C,"Sporthal A.J. Braillard, Ruisbroek",,,,
3de Provinciale Mannen A,3PMA-0049,05/01/2019,13:30,VBT MACHELEN C,DAVOC LOT C,"Sporthal Bosveld, Machelen",,,,
3de Provinciale Mannen A,3PMA-0073,12/01/2019,20:00,VBT MACHELEN C,VC LENNIK HEREN A,"Sporthal Bosveld, Machelen",,,,
3de Provinciale Mannen A,3PMA-0081,20/01/2019,14:30,LIZARDS LUBBEEK-LEUVEN D,VBT MACHELEN C,Sporthal Korbeek-Lo,,,,
3de Provinciale Mannen A,3PMA-0097,16/02/2019,20:00,VBT MACHELEN C,V.C. ZAVATH ZAVENTEM,"Sporthal Bosveld, Machelen",,,,
3de Provinciale Mannen A,3PMA-0103,23/02/2019,20:00,KLB SOLLENBEEMD HALLE,VBT MACHELEN C,"Sportcomplex De Bres, Halle",,,,
3de Provinciale Mannen A,3PMA-0095,10/03/2019,18:00,VC FENIKS HAACHT E,VBT MACHELEN C,"Sportcomplex Den Dijk, Haacht (Wespelaar)",,,,
3de Provinciale Mannen A,3PMA-0109,16/03/2019,17:00,VBT MACHELEN C,WOLVERTEM SPORTING B,"Sporthal Bosveld, Machelen",,,,
3de Provinciale Mannen A,3PMA-0115,22/03/2019,20:30,DAVOC LOT C,VBT MACHELEN C,"Vogelenzang, Lot",,,,
3de Provinciale Mannen A,3PMA-0121,30/03/2019,20:00,VOLLEY SCHEPDAAL VZW B,VBT MACHELEN C,"Sporthal Caerenbergveld, Schepdaal",,,,
3de Provinciale Mannen A,3PMA-0127,06/04/2019,20:30,VBT MACHELEN C,VOLLEY OPWIJK - LINDEMANS AALST,"Sporthal Bosveld, Machelen",,,,
2de Provinciale Vrouwen B,2PVB-0012,22/09/2018,20:30,VBT MACHELEN A,RUISBROEK 84 A,"Sporthal Bosveld, Machelen",3 - 0,"25/15, 25/23, 26/24",1 - 2,"25/16, 24/26, 12/15"
2de Provinciale Vrouwen B,2PVB-0016,29/09/2018,20:30,WOLVERTEM SPORTING A,VBT MACHELEN A,"Sportschuur, Wolvertem",3 - 2,"25/19, 24/26, 25/16, 22/25, 15/8",3 - 0,"25/15, 25/14, 15/11"
2de Provinciale Vrouwen B,2PVB-0024,06/10/2018,20:30,VBT MACHELEN A,DAVOC LOT,"Sporthal Bosveld, Machelen",3 - 0,"25/23, 25/22, 25/23",2 - 1,"25/22, 17/25, 15/6"
2de Provinciale Vrouwen B,2PVB-0026,13/10/2018,20:00,VOLLEY BELLINGEN HALLE A,VBT MACHELEN A,"Sportcomplex De Bres, Halle",0 - 3,"23/25, 13/25, 14/25",0 - 3,"19/25, 21/25, 6/15"
2de Provinciale Vrouwen B,2PVB-0036,20/10/2018,20:30,VBT MACHELEN A,VC ETERNIT KAPELLE O/D BOS A,"Sporthal Bosveld, Machelen",3 - 0,"25/20, 25/21, 25/14",3 - 0,"25/18, 25/23, 15/8"
2de Provinciale Vrouwen B,2PVB-0006,27/10/2018,17:00,KEVOC KEERBERGEN B,VBT MACHELEN A,"Gemeentelijke Sporthal, Keerbergen",0 - 3,"22/25, 17/25, 9/25",0 - 3,"4/25, 13/25, 5/15"
2de Provinciale Vrouwen B,2PVB-0042,10/11/2018,20:30,DA@MET LIEDEKERKE,VBT MACHELEN A,"Sporthal Heuvelkouter, Liedekerke",,,,
2de Provinciale Vrouwen B,2PVB-0066,24/11/2018,20:30,VBT MACHELEN A,VC KNØDDE MEISE A,"Sporthal Bosveld, Machelen",,,,
2de Provinciale Vrouwen B,2PVB-0120,01/12/2018,20:30,VBT MACHELEN A,VOLLEY SCHEPDAAL VZW B,"Sporthal Bosveld, Machelen",,,,
2de Provinciale Vrouwen B,2PVB-0060,08/12/2018,15:30,VC LENNIK DAMES B,VBT MACHELEN A,"Gem. Sporthal Jo Baetens, Lennik",,,,
2de Provinciale Vrouwen B,2PVB-0072,22/12/2018,16:15,VBT MACHELEN A,KEVOC KEERBERGEN B,"Sporthal Bosveld, Machelen",,,,
2de Provinciale Vrouwen B,2PVB-0096,05/01/2019,20:30,VBT MACHELEN A,VOLLEY BELLINGEN HALLE A,"Sporthal Bosveld, Machelen",,,,
2de Provinciale Vrouwen B,2PVB-0077,12/01/2019,20:00,RUISBROEK 84 A,VBT MACHELEN A,"Sporthal A.J. Braillard, Ruisbroek",,,,
2de Provinciale Vrouwen B,2PVB-0084,19/01/2019,16:15,VBT MACHELEN A,WOLVERTEM SPORTING A,"Sporthal Bosveld, Machelen",,,,
2de Provinciale Vrouwen B,2PVB-0087,26/01/2019,20:00,DAVOC LOT,VBT MACHELEN A,"Vogelenzang, Lot",,,,
2de Provinciale Vrouwen B,2PVB-0112,02/02/2019,20:30,VOLLEY OPWIJK,VBT MACHELEN A,"Gemeentelijke Sporthal, Opwijk",,,,
2de Provinciale Vrouwen B,2PVB-0097,17/02/2019,18:00,VC ETERNIT KAPELLE O/D BOS A,VBT MACHELEN A,"Sporthal Eternit, Kapelle-op-den-Bos",,,,
2de Provinciale Vrouwen B,2PVB-0108,23/02/2019,20:30,VBT MACHELEN A,DA@MET LIEDEKERKE,"Sporthal Bosveld, Machelen",,,,
2de Provinciale Vrouwen B,2PVB-0048,16/03/2019,21:00,VBT MACHELEN A,VOLLEY OPWIJK,"Sporthal Bosveld, Machelen",,,,
2de Provinciale Vrouwen B,2PVB-0054,22/03/2019,21:00,VOLLEY SCHEPDAAL VZW B,VBT MACHELEN A,"Sporthal Caerenbergveld, Schepdaal",,,,
2de Provinciale Vrouwen B,2PVB-0126,30/03/2019,20:30,VBT MACHELEN A,VC LENNIK DAMES B,"Sporthal Bosveld, Machelen",,,,
2de Provinciale Vrouwen B,2PVB-0128,06/04/2019,20:30,VC KNØDDE MEISE A,VBT MACHELEN A,Sporthal Meise,,,,
3de Provinciale Vrouwen D,3PVD-0010,22/09/2018,18:00,VBT MACHELEN B,KEVOC KEERBERGEN C,"Sporthal Bosveld, Machelen",0 - 3,"13/25, 14/25, 15/25",1 - 2,"18/25, 25/27, 17/15"
3de Provinciale Vrouwen D,3PVD-0014,30/09/2018,13:30,VC ETERNIT KAPELLE O/D BOS C,VBT MACHELEN B,"Sporthal Eternit, Kapelle-op-den-Bos",3 - 0,"25/14, 25/23, 25/11",2 - 1,"22/25, 26/24, 15/9"
3de Provinciale Vrouwen D,3PVD-0022,06/10/2018,18:00,VBT MACHELEN B,VC KNØDDE MEISE B,"Sporthal Bosveld, Machelen",3 - 0,"25/21, 25/21, 25/17",2 - 1,"23/25, 25/13, 15/9"
3de Provinciale Vrouwen D,3PVD-0004,03/11/2018,20:30,JEUGDVOLLEYBAL LONDERZEEL C,VBT MACHELEN B,"Sportcentrum Blauvenne, Londerzeel",,,,
3de Provinciale Vrouwen D,3PVD-0038,11/11/2018,13:30,VC ETERNIT KAPELLE O/D BOS B,VBT MACHELEN B,"Sporthal Eternit, Kapelle-op-den-Bos",,,,
3de Provinciale Vrouwen D,3PVD-0114,18/11/2018,15:30,SPARTANA STEENOKKERZEEL,VBT MACHELEN B,"Gemeentelijke Sporthal, Steenokkerzeel",,,,
3de Provinciale Vrouwen D,3PVD-0094,24/11/2018,19:00,VBT MACHELEN B,WOLVERTEM SPORTING C,"Sporthal Bosveld, Machelen",,,,
3de Provinciale Vrouwen D,3PVD-0054,01/12/2018,17:00,VBT MACHELEN B,JEUGDVOLLEYBAL LONDERZEEL B,"Sporthal Bosveld, Machelen",,,,
3de Provinciale Vrouwen D,3PVD-0058,08/12/2018,20:00,V.C. ZAVATH ZAVENTEM,VBT MACHELEN B,"Gemeentelijke Sporthal, Zaventem",,,,
3de Provinciale Vrouwen D,3PVD-0132,14/12/2018,21:00,ZUUN VOLLEYBAL CLUB D,VBT MACHELEN B,"Wildersportcomplex, Sint-Pieters-Leeuw",,,,
3de Provinciale Vrouwen D,3PVD-0070,22/12/2018,18:00,VBT MACHELEN B,JEUGDVOLLEYBAL LONDERZEEL C,"Sporthal Bosveld, Machelen",,,,
3de Provinciale Vrouwen D,3PVD-0075,12/01/2019,17:00,KEVOC KEERBERGEN C,VBT MACHELEN B,"Gemeentelijke Sporthal, Keerbergen",,,,
3de Provinciale Vrouwen D,3PVD-0082,19/01/2019,18:00,VBT MACHELEN B,VC ETERNIT KAPELLE O/D BOS C,"Sporthal Bosveld, Machelen",,,,
3de Provinciale Vrouwen D,3PVD-0085,26/01/2019,20:30,VC KNØDDE MEISE B,VBT MACHELEN B,Sporthal Meise,,,,
3de Provinciale Vrouwen D,3PVD-0104,23/02/2019,18:00,VBT MACHELEN B,VC ETERNIT KAPELLE O/D BOS B,"Sporthal Bosveld, Machelen",,,,
3de Provinciale Vrouwen D,3PVD-0030,02/03/2019,20:30,WOLVERTEM SPORTING C,VBT MACHELEN B,"Sportschuur, Wolvertem",,,,
3de Provinciale Vrouwen D,3PVD-0124,09/03/2019,18:00,VBT MACHELEN B,V.C. ZAVATH ZAVENTEM,"Sporthal Bosveld, Machelen",,,,
3de Provinciale Vrouwen D,3PVD-0044,16/03/2019,18:00,VBT MACHELEN B,SPARTANA STEENOKKERZEEL,"Sporthal Bosveld, Machelen",,,,
3de Provinciale Vrouwen D,3PVD-0120,23/03/2019,20:30,JEUGDVOLLEYBAL LONDERZEEL B,VBT MACHELEN B,"Sportcentrum Blauvenne, Londerzeel",,,,
3de Provinciale Vrouwen D,3PVD-0064,06/04/2019,17:00,VBT MACHELEN B,ZUUN VOLLEYBAL CLUB D,"Sporthal Bosveld, Machelen",,,,
Beker senioren mannen Volley Vlaams Brabant,VL BR BEKER M.-113,11/10/2018,20:30,VT PRIMAVERA BETEKOM 2P,VBT MACHELEN C 3P,"Sporthal De Tumkens, Betekom",3 - 0,"25/16, 25/20, 25/15",3 - 0,"25/0, 25/0, 25/0"
Beker senioren mannen Volley Vlaams Brabant,VL BR BEKER M.-106,23/10/2018,20:30,V.C. ZAVATH ZAVENTEM 3P,VBT MACHELEN B 2P,"Gemeentelijke Sporthal, Zaventem",0 - 3,"20/25, 21/25, 22/25",0 - 3,"1/1, 1/1, 0/1"
Beker senioren mannen Volley Vlaams Brabant,VL BR BEKER M.-207,06/11/2018,21:00,VBT MACHELEN B 2P,VOLLEY SCHEPDAAL VZW 1P,"Sporthal Bosveld, Machelen",,,,
Beker senioren vrouwen Volley Vlaams Brabant,VL BR BEKER V.-104,24/10/2018,20:30,WEVOK ST.-JORIS WEERT B 2P,VBT MACHELEN A 2P,"Ontmoetingscentrum, Sint-Joris-Weert",0 - 3,"21/25, 13/25, 24/26",,
Beker senioren vrouwen Volley Vlaams Brabant,VL BR BEKER V.-202,19/11/2018,20:30,V.C. ZAVATH ZAVENTEM P3,VBT MACHELEN A 2P,"Gemeentelijke Sporthal, Zaventem",,,,
Beker senioren vrouwen Volley Vlaams Brabant,VL BR BEKER V.-211,19/11/2018,20:00,KEVOC KEERBERGEN A 2P,VBT MACHELEN B 3P,"Gemeentelijke Sporthal, Keerbergen",,,,
U15 Jongens 1e Provinciale,U15J1P-3,08/09/2018,16:30,KRUIKENBURG TERNAT A,VBT MACHELEN A.att,Sporthal Kruikenburg,5 - 0,"25/17, 25/17, 25/22, 26/24, 25/23",,
U15 Jongens 1e Provinciale,U15J1P-6,15/09/2018,16:30,VBT MACHELEN A.att,VC FENIKS HAACHT A,"Sporthal Bosveld, Machelen",2 - 3,"16/25, 24/26, 25/22, 25/23, 21/25",,
U15 Jongens 1e Provinciale,U15J1P-7,23/09/2018,11:00,LIZARDS LUBBEEK-LEUVEN A,VBT MACHELEN A.att,Sporthal Korbeek-Lo,4 - 1,"27/25, 25/18, 25/10, 23/25, 25/21",,
U15 Jongens 1e Provinciale,U15J1P-12,29/09/2018,11:45,VBT MACHELEN A.att,BDO HAASRODE LEUVEN (VHL) B,"Sporthal Bosveld, Machelen",2 - 3,"25/19, 23/25, 25/18, 13/25, 24/26",,
U15 Jongens 1e Provinciale,U15J1P-15,06/10/2018,11:45,VBT MACHELEN A.att,BDO HAASRODE LEUVEN (VHL) A,"Sporthal Bosveld, Machelen",0 - 5,"19/25, 23/25, 14/25, 16/25, 22/25",,
U15 Jongens 1e Provinciale,U15J1P-18,20/10/2018,11:45,VBT MACHELEN A.att,KRUIKENBURG TERNAT A,"Sporthal Bosveld, Machelen",3 - 2,"26/24, 25/23, 15/25, 13/25, 30/28",,
U15 Jongens 1e Provinciale,U15J1P-21,27/10/2018,09:30,VC FENIKS HAACHT A,VBT MACHELEN A.att,"Sportcomplex Den Dijk, Haacht (Wespelaar)",,,,
U15 Jongens 1e Provinciale,U15J1P-27,17/11/2018,11:30,BDO HAASRODE LEUVEN (VHL) B,VBT MACHELEN A.att,Sporthal Heverlee,,,,
U15 Jongens 1e Provinciale,U15J1P-30,25/11/2018,14:00,BDO HAASRODE LEUVEN (VHL) A,VBT MACHELEN A.att,Sportcomplex Haasrode,,,,
U15 Jongens 1e Provinciale,U15J1P-22,01/12/2018,10:30,VBT MACHELEN A.att,LIZARDS LUBBEEK-LEUVEN A,"Sporthal Bosveld, Machelen",,,,
U15 Jongens 1e Provinciale,U15J1P-33,06/01/2019,10:00,KRUIKENBURG TERNAT A,VBT MACHELEN A.att,Sporthal Kruikenburg,,,,
U15 Jongens 1e Provinciale,U15J1P-36,12/01/2019,11:45,VBT MACHELEN A.att,VC FENIKS HAACHT A,"Sporthal Bosveld, Machelen",,,,
U15 Jongens 1e Provinciale,U15J1P-37,20/01/2019,11:00,LIZARDS LUBBEEK-LEUVEN A,VBT MACHELEN A.att,Sporthal Korbeek-Lo,,,,
U15 Jongens 1e Provinciale,U15J1P-42,26/01/2019,13:00,VBT MACHELEN A.att,BDO HAASRODE LEUVEN (VHL) B,"Sporthal Bosveld, Machelen",,,,
U15 Jongens 1e Provinciale,U15J1P-45,02/02/2019,11:45,VBT MACHELEN A.att,BDO HAASRODE LEUVEN (VHL) A,"Sporthal Bosveld, Machelen",,,,
U15 Jongens 1e Provinciale,U15J1P-48,16/02/2019,11:45,VBT MACHELEN A.att,KRUIKENBURG TERNAT A,"Sporthal Bosveld, Machelen",,,,
U15 Jongens 1e Provinciale,U15J1P-51,23/02/2019,09:30,VC FENIKS HAACHT A,VBT MACHELEN A.att,"Sportcomplex Den Dijk, Haacht (Wespelaar)",,,,
U15 Jongens 1e Provinciale,U15J1P-52,02/03/2019,11:45,VBT MACHELEN A.att,LIZARDS LUBBEEK-LEUVEN A,"Sporthal Bosveld, Machelen",,,,
U15 Jongens 1e Provinciale,U15J1P-57,09/03/2019,11:30,BDO HAASRODE LEUVEN (VHL) B,VBT MACHELEN A.att,Sporthal Heverlee,,,,
U15 Jongens 1e Provinciale,U15J1P-60,16/03/2019,14:00,BDO HAASRODE LEUVEN (VHL) A,VBT MACHELEN A.att,Sporthal Heverlee,,,,
U15 Jongens 2e Provinciale B,U15J2PB-0030,08/09/2018,14:30,VOLLEY SCHEPDAAL VZW U.P.,VBT MACHELEN B.att,"Sporthal Caerenbergveld, Schepdaal",5 - 0,"25/15, 25/19, 25/9, 25/18, 25/23",,
U15 Jongens 2e Provinciale B,U15J2PB-0005,15/09/2018,13:30,DAVOC LOT.att,VBT MACHELEN B.att,"Vogelenzang, Lot",3 - 2,"25/16, 23/25, 25/20, 25/20, 20/25",,
U15 Jongens 2e Provinciale B,U15J2PB-0013,29/09/2018,17:00,VC KNØDDE MEISE,VBT MACHELEN B.att,Sporthal Meise,1 - 4,"16/25, 13/25, 28/26, 13/25, 25/27",,
U15 Jongens 2e Provinciale B,U15J2PB-0017,06/10/2018,09:30,VBT MACHELEN B.att,ZUUN VOLLEYBAL CLUB,"Sporthal Bosveld, Machelen",3 - 2,"25/21, 24/26, 25/12, 18/25, 25/16",,
U15 Jongens 2e Provinciale B,U15J2PB-0022,20/10/2018,09:30,VBT MACHELEN B.att,VOLLEY OPWIJK - LINDEMANS AALST,"Sporthal Bosveld, Machelen",3 - 2,"15/25, 20/25, 25/22, 25/16, 25/21",,
U15 Jongens 2e Provinciale B,U15J2PB-0028,10/11/2018,18:30,VC LENNIK HEREN.att,VBT MACHELEN B.att,"Gem. Sporthal Jo Baetens, Lennik",,,,
U15 Jongens 2e Provinciale B,U15J2PB-0002,17/11/2018,14:00,VBT MACHELEN B.att,VOLLEY SCHEPDAAL VZW U.P.,"Sporthal Bosveld, Machelen",,,,
U15 Jongens 2e Provinciale B,U15J2PB-0034,24/11/2018,09:30,VBT MACHELEN B.att,DAVOC LOT.att,"Sporthal Bosveld, Machelen",,,,
U15 Jongens 2e Provinciale B,U15J2PB-0041,12/01/2019,09:30,VBT MACHELEN B.att,VC KNØDDE MEISE,"Sporthal Bosveld, Machelen",,,,
U15 Jongens 2e Provinciale B,U15J2PB-0047,19/01/2019,17:00,ZUUN VOLLEYBAL CLUB,VBT MACHELEN B.att,"Wildersportcomplex, Sint-Pieters-Leeuw",,,,
U15 Jongens 2e Provinciale B,U15J2PB-0051,26/01/2019,16:00,VOLLEY OPWIJK - LINDEMANS AALST,VBT MACHELEN B.att,"Sportzaal Vrij Katholiek Onderwijs, Opwijk",,,,
U15 Jongens 2e Provinciale B,U15J2PB-0054,02/02/2019,09:30,VBT MACHELEN B.att,VC LENNIK HEREN.att,"Sporthal Bosveld, Machelen",,,,
U13 Jongens 1e Provincale B ,U13J1PB-0016,08/09/2018,18:00,VBT MACHELEN A,BDO HAASRODE LEUVEN (VHL) B,"Sporthal Bosveld, Machelen",5 - 0,"25/11, 25/8, 25/10, 25/11, 25/18",,
U13 Jongens 1e Provincale B ,U13J1PB-0005,15/09/2018,09:30,VBT MACHELEN A,VCV LEEFDAAL-BERTEM A,"Sporthal Bosveld, Machelen",5 - 0,"25/19, 25/11, 25/14, 25/14, 25/18",,
U13 Jongens 1e Provincale B ,U13J1PB-0010,29/09/2018,10:30,KRUIKENBURG TERNAT A,VBT MACHELEN A,Sporthal Kruikenburg,0 - 5,"19/25, 21/25, 12/25, 23/25, 15/25",,
U13 Jongens 1e Provincale B ,U13J1PB-0029,06/10/2018,18:00,VBT MACHELEN A,LIZARDS LUBBEEK-LEUVEN,"Sporthal Bosveld, Machelen",0 - 5,"24/26, 20/25, 25/27, 15/25, 23/25",,
U13 Jongens 1e Provincale B ,U13J1PB-0001,21/10/2018,14:30,BDO HAASRODE LEUVEN (VHL) B,VBT MACHELEN A,Sportcomplex Haasrode,0 - 5,"16/25, 19/25, 7/25, 15/25, 8/25",,
U13 Jongens 1e Provincale B ,U13J1PB-0020,28/10/2018,14:00,VCV LEEFDAAL-BERTEM A,VBT MACHELEN A,"Gemeentelijke Sportzaal, Leefdaal",,,,
U13 Jongens 1e Provincale B ,U13J1PB-0025,17/11/2018,11:45,VBT MACHELEN A,KRUIKENBURG TERNAT A,"Sporthal Bosveld, Machelen",,,,
U13 Jongens 1e Provincale B ,U13J1PB-0014,25/11/2018,14:00,LIZARDS LUBBEEK-LEUVEN,VBT MACHELEN A,Sporthal Korbeek-Lo,,,,
U13 Jongens 2e Provinciale C,U13J2PC-0002,08/09/2018,16:00,VBT MACHELEN B,VELVOC B,"Sporthal Bosveld, Machelen",3 - 2,"26/24, 25/9, 24/26, 25/22, 21/25",,
U13 Jongens 2e Provinciale C,U13J2PC-0004,16/09/2018,14:00,WEVOK ST.-JORIS WEERT B,VBT MACHELEN B,"Ontmoetingscentrum, Sint-Joris-Weert",2 - 3,"16/25, 25/21, 20/25, 25/21, 22/25",,
U13 Jongens 2e Provinciale C,U13J2PC-0023,22/09/2018,14:00,GRIVOK GRIMBERGEN.att,VBT MACHELEN B,"Gem. Sporthal Prinsenbos, Grimbergen",0 - 5,"18/25, 23/25, 21/25, 15/25, 18/25",,
U13 Jongens 2e Provinciale C,U13J2PC-0010,29/09/2018,09:30,VBT MACHELEN B,WOLVERTEM SPORTING,"Sporthal Bosveld, Machelen",5 - 0,"25/19, 25/10, 25/18, 25/23, 25/18",,
U13 Jongens 2e Provinciale C,U13J2PC-0030,06/10/2018,11:45,VBT MACHELEN B,VCV LEEFDAAL-BERTEM C,"Sporthal Bosveld, Machelen",3 - 2,"25/15, 25/10, 25/23, 23/25, 24/26",,
U13 Jongens 2e Provinciale C,U13J2PC-0017,21/10/2018,14:00,VELVOC B,VBT MACHELEN B,"Sportcentrum Ivo Van Damme, Veltem-Beisem ",1 - 4,"23/25, 12/25, 25/10, 16/25, 18/25",,
U13 Jongens 2e Provinciale C,U13J2PC-0019,27/10/2018,16:00,VBT MACHELEN B,WEVOK ST.-JORIS WEERT B,"Sporthal Bosveld, Machelen",5 - 0,"25/17, 25/20, 25/17, 26/24, 25/20",,
U13 Jongens 2e Provinciale C,U13J2PC-0008,10/11/2018,09:30,VBT MACHELEN B,GRIVOK GRIMBERGEN.att,"Sporthal Bosveld, Machelen",,,,
U13 Jongens 2e Provinciale C,U13J2PC-0025,17/11/2018,16:00,WOLVERTEM SPORTING,VBT MACHELEN B,"Sportschuur, Wolvertem",,,,
U13 Jongens 2e Provinciale C,U13J2PC-0015,25/11/2018,09:00,VCV LEEFDAAL-BERTEM C,VBT MACHELEN B,"Gemeentelijke Sportzaal, Bertem",,,,
U11 Jongens 1e Provinciale B 2-2,U11J1PB 2-2-0001,08/09/2018,10:30,KRUIKENBURG TERNAT B,VBT MACHELEN A,Sporthal Kruikenburg,0 - 8,"5/25, 10/25, 9/25, 12/25, 7/25, 13/25, 16/25, 6/25",,
U11 Jongens 1e Provinciale B 2-2,U11J1PB 2-2-0005,15/09/2018,14:00,VBT MACHELEN A,VOLLEY THOR TERVUREN,"Sporthal Bosveld, Machelen",8 - 0,"25/6, 25/13, 25/13, 25/3, 25/19, 25/16, 25/8, 25/6",,
U11 Jongens 1e Provinciale B 2-2,U11J1PB 2-2-0014,07/10/2018,13:30,VELVOC A.att,VBT MACHELEN A,"Sportcentrum Ivo Van Damme, Veltem-Beisem ",0 - 8,"13/25, 10/25, 11/25, 18/25, 10/25, 8/25, 10/25, 21/25",,
U11 Jongens 1e Provinciale B 2-2,U11J1PB 2-2-0016,20/10/2018,11:30,VBT MACHELEN A,KRUIKENBURG TERNAT B,"Sporthal Bosveld, Machelen",8 - 0,"25/10, 25/14, 25/13, 25/13, 25/13, 25/16, 25/12, 25/16",,
U11 Jongens 1e Provinciale B 2-2,U11J1PB 2-2-0020,27/10/2018,13:00,VOLLEY THOR TERVUREN,VBT MACHELEN A,"Sportcentrum Diependal, Tervuren",,,,
U11 Jongens 1e Provinciale B 2-2,U11J1PB 2-2-0029,24/11/2018,11:30,VBT MACHELEN A,VELVOC A.att,"Sporthal Bosveld, Machelen",,,,
U11 Jongens 2e Provinciale C 2-2,U11J2PC 2-2-0009,22/09/2018,11:30,VBT MACHELEN B,KRUIKENBURG TERNAT C.att,"Sporthal Bosveld, Machelen",1 - 7,"25/14, 19/25, 23/25, 24/26, 18/25, 18/25, 19/25, 22/25",,
U11 Jongens 2e Provinciale C 2-2,U11J2PC 2-2-0014,06/10/2018,14:00,VBT MACHELEN B,VOLLEY SCHEPDAAL VZW B,"Sporthal Bosveld, Machelen",4 - 4,"8/25, 25/14, 25/12, 24/26, 12/25, 25/16, 25/17, 15/25",,
U11 Jongens 2e Provinciale C 2-2,U11J2PC 2-2-0024,10/11/2018,10:30,KRUIKENBURG TERNAT C.att,VBT MACHELEN B,Sporthal Kruikenburg,,,,
U11 Jongens 2e Provinciale C 2-2,U11J2PC 2-2-0029,24/11/2018,16:30,VOLLEY SCHEPDAAL VZW B,VBT MACHELEN B,"Sporthal Caerenbergveld, Schepdaal",,,,
U11 Gemengd 3e Provinciale C 2-2,U11X3PC 2-2-0001,08/09/2018,11:30,VBT MACHELEN,VCV LEEFDAAL-BERTEM,"Sporthal Bosveld, Machelen",6 - 2,"25/16, 25/13, 25/12, 18/25, 19/25, 25/20, 25/15, 25/13",,
U11 Gemengd 3e Provinciale C 2-2,U11X3PC 2-2-0004,15/09/2018,11:30,VBT MACHELEN,SMASH NEERIJSE,"Sporthal Bosveld, Machelen",7 - 1,"25/9, 25/20, 25/18, 25/9, 25/14, 25/16, 25/18, 22/25",,
U11 Gemengd 3e Provinciale C 2-2,U11X3PC 2-2-0009,23/09/2018,09:30,VOLLEY THOR TERVUREN,VBT MACHELEN,Gemeentelijke Sportzaal Vossem,1 - 7,"9/25, 18/25, 25/21, 20/25, 12/25, 17/25, 15/25, 14/25",,
U11 Gemengd 3e Provinciale C 2-2,U11X3PC 2-2-0012,29/09/2018,14:00,GRIVOK GRIMBERGEN,VBT MACHELEN,"Gem. Sporthal Prinsenbos, Grimbergen",3 - 5,"23/25, 19/25, 25/15, 13/25, 25/20, 25/15, 19/25, 13/25",,
U11 Gemengd 3e Provinciale C 2-2,U11X3PC 2-2-0013,13/10/2018,14:00,VBT MACHELEN,DAVOC LOT C,"Sporthal Bosveld, Machelen",0 - 8,"25/27, 21/25, 21/25, 9/25, 16/25, 19/25, 18/25, 26/28",,
U11 Gemengd 3e Provinciale C 2-2,U11X3PC 2-2-0016,20/10/2018,09:30,VCV LEEFDAAL-BERTEM,VBT MACHELEN,"Gemeentelijke Sportzaal, Leefdaal",0 - 8,"21/25, 18/25, 12/25, 13/25, 17/25, 18/25, 19/25, 17/25",,
U11 Gemengd 3e Provinciale C 2-2,U11X3PC 2-2-0019,27/10/2018,10:00,SMASH NEERIJSE,VBT MACHELEN,"De Kronkel, Huldenberg",2 - 6,"11/25, 21/25, 13/25, 25/16, 16/25, 25/20, 19/25, 11/25",,
U11 Gemengd 3e Provinciale C 2-2,U11X3PC 2-2-0024,10/11/2018,11:30,VBT MACHELEN,VOLLEY THOR TERVUREN,"Sporthal Bosveld, Machelen",,,,
U11 Gemengd 3e Provinciale C 2-2,U11X3PC 2-2-0027,17/11/2018,16:00,VBT MACHELEN,GRIVOK GRIMBERGEN,"Sporthal Bosveld, Machelen",,,,
U11 Gemengd 3e Provinciale C 2-2,U11X3PC 2-2-0028,24/11/2018,10:30,DAVOC LOT C,VBT MACHELEN,"Vogelenzang, Lot",,,,
U19 Meisjes 2e Provinciale,U19M2P-0006,15/09/2018,11:45,VBT MACHELEN,VOLLEY BELLINGEN HALLE,"Sporthal Bosveld, Machelen",5 - 0,"25/9, 25/12, 25/13, 25/20, 25/8",,
U19 Meisjes 2e Provinciale,U19M2P-0016,29/09/2018,11:45,VBT MACHELEN,WOLVERTEM SPORTING,"Sporthal Bosveld, Machelen",1 - 4,"25/16, 18/25, 11/25, 22/25, 19/25",,
U19 Meisjes 2e Provinciale,U19M2P-0023,06/10/2018,15:30,DA@MET LIEDEKERKE,VBT MACHELEN,"Sporthal Heuvelkouter, Liedekerke",4 - 1,"25/15, 20/25, 25/12, 25/12, 25/22",,
U19 Meisjes 2e Provinciale,U19M2P-0026,20/10/2018,09:30,VBT MACHELEN,VOLLEY SCHEPDAAL VZW,"Sporthal Bosveld, Machelen",0 - 5,"18/25, 20/25, 11/25, 8/25, 23/25",,
U19 Meisjes 2e Provinciale,U19M2P-0034,10/11/2018,12:30,HZ 93 HOFSTADE-ZEMST,VBT MACHELEN,"Bloso Ter Heide, Hofstade",,,,
U19 Meisjes 2e Provinciale,U19M2P-0084,17/11/2018,14:00,VC FENIKS HAACHT,VBT MACHELEN,"Sportcomplex Den Dijk, Haacht (Wespelaar)",,,,
U19 Meisjes 2e Provinciale,U19M2P-0001,25/11/2018,13:00,VOLLEY THOR TERVUREN.att,VBT MACHELEN,"Sportcentrum Diependal, Tervuren",,,,
U19 Meisjes 2e Provinciale,U19M2P-0046,12/01/2019,11:45,VBT MACHELEN,VOLLEY THOR TERVUREN.att,"Sporthal Bosveld, Machelen",,,,
U19 Meisjes 2e Provinciale,U19M2P-0052,19/01/2019,12:00,VOLLEY BELLINGEN HALLE,VBT MACHELEN,GO! Technisch Atheneum Halle,,,,
U19 Meisjes 2e Provinciale,U19M2P-0062,02/02/2019,16:00,WOLVERTEM SPORTING,VBT MACHELEN,"Sportschuur, Wolvertem",,,,
U19 Meisjes 2e Provinciale,U19M2P-0066,16/02/2019,11:45,VBT MACHELEN,DA@MET LIEDEKERKE,"Sporthal Bosveld, Machelen",,,,
U19 Meisjes 2e Provinciale,U19M2P-0073,23/02/2019,19:00,VOLLEY SCHEPDAAL VZW,VBT MACHELEN,"Sporthal Caerenbergveld, Schepdaal",,,,
U19 Meisjes 2e Provinciale,U19M2P-0036,16/03/2019,11:45,VBT MACHELEN,VC FENIKS HAACHT,"Sporthal Bosveld, Machelen",,,,
U19 Meisjes 2e Provinciale,U19M2P-0076,23/03/2019,11:45,VBT MACHELEN,HZ 93 HOFSTADE-ZEMST,"Sporthal Bosveld, Machelen",,,,
U17 Meisjes 2e Provinciale D,U17M2PD-0001,08/09/2018,09:30,VBT MACHELEN,VOLLEY OPWIJK C.att,"Sporthal Bosveld, Machelen",5 - 0,"25/9, 25/8, 25/10, 25/8, 25/13",,
U17 Meisjes 2e Provinciale D,U17M2PD-0004,15/09/2018,09:30,VBT MACHELEN,GRIVOK GRIMBERGEN B,"Sporthal Bosveld, Machelen",5 - 0,"25/4, 25/10, 25/8, 25/7, 25/9",,
U17 Meisjes 2e Provinciale D,U17M2PD-0009,23/09/2018,09:30,VC ETERNIT KAPELLE O/D BOS.att,VBT MACHELEN,"Sporthal Eternit, Kapelle-op-den-Bos",0 - 5,"10/25, 21/25, 20/25, 23/25, 14/25",,
U17 Meisjes 2e Provinciale D,U17M2PD-0019,06/10/2018,11:30,GRIVOK GRIMBERGEN B,VBT MACHELEN,"Gem. Sporthal Prinsenbos, Grimbergen",0 - 5,"11/25, 9/25, 9/25, 6/25, 8/25",,
U17 Meisjes 2e Provinciale D,U17M2PD-0013,13/10/2018,11:45,VBT MACHELEN,JEUGDVOLLEYBAL LONDERZEEL A,"Sporthal Bosveld, Machelen",5 - 0,"25/10, 25/12, 25/18, 25/20, 25/18",,
U17 Meisjes 2e Provinciale D,U17M2PD-0016,21/10/2018,15:30,VOLLEY OPWIJK C.att,VBT MACHELEN,"Gemeentelijke Sporthal, Opwijk",0 - 5,"11/25, 18/25, 25/27, 19/25, 17/25",,
U17 Meisjes 2e Provinciale D,U17M2PD-0024,10/11/2018,09:30,VBT MACHELEN,VC ETERNIT KAPELLE O/D BOS.att,"Sporthal Bosveld, Machelen",,,,
U17 Meisjes 2e Provinciale D,U17M2PD-0028,24/11/2018,15:00,JEUGDVOLLEYBAL LONDERZEEL A,VBT MACHELEN,"Sportcentrum Blauvenne, Londerzeel",,,,
U15 Meisjes 2e Provinciale B,U15M2PB-0001,08/09/2018,13:30,WOLVERTEM SPORTING B.att,VBT MACHELEN A,"Sportschuur, Wolvertem",2 - 3,"27/29, 27/25, 16/25, 18/25, 25/20",,
U15 Meisjes 2e Provinciale B,U15M2PB-0020,15/09/2018,10:00,ZUUN VOLLEYBAL CLUB B,VBT MACHELEN A,"Wildersportcomplex, Sint-Pieters-Leeuw",0 - 5,"12/25, 17/25, 12/25, 20/25, 9/25",,
U15 Meisjes 2e Provinciale B,U15M2PB-0022,22/09/2018,13:30,VC ETERNIT KAPELLE O/D BOS.att,VBT MACHELEN A,"Sporthal Eternit, Kapelle-op-den-Bos",2 - 3,"18/25, 26/24, 11/25, 25/15, 17/25",,
U15 Meisjes 2e Provinciale B,U15M2PB-0010,29/09/2018,17:00,GRIVOK GRIMBERGEN,VBT MACHELEN A,"Gem. Sporthal Prinsenbos, Grimbergen",0 - 5,"11/25, 4/25, 22/25, 20/25, 10/25",,
U15 Meisjes 2e Provinciale B,U15M2PB-0014,06/10/2018,10:00,VC KNØDDE MEISE.att,VBT MACHELEN A,Sporthal Meise,1 - 4,"16/25, 19/25, 10/25, 14/25, 25/23",,
U15 Meisjes 2e Provinciale B,U15M2PB-0016,20/10/2018,11:45,VBT MACHELEN A,WOLVERTEM SPORTING B.att,"Sporthal Bosveld, Machelen",5 - 0,"25/19, 25/20, 25/18, 25/9, 25/20",,
U15 Meisjes 2e Provinciale B,U15M2PB-0005,27/10/2018,09:30,VBT MACHELEN A,ZUUN VOLLEYBAL CLUB B,"Sporthal Bosveld, Machelen",4 - 1,"25/19, 25/13, 25/10, 25/11, 21/25",,
U15 Meisjes 2e Provinciale B,U15M2PB-0007,10/11/2018,11:45,VBT MACHELEN A,VC ETERNIT KAPELLE O/D BOS.att,"Sporthal Bosveld, Machelen",,,,
U15 Meisjes 2e Provinciale B,U15M2PB-0025,17/11/2018,11:45,VBT MACHELEN A,GRIVOK GRIMBERGEN,"Sporthal Bosveld, Machelen",,,,
U15 Meisjes 2e Provinciale B,U15M2PB-0029,24/11/2018,11:45,VBT MACHELEN A,VC KNØDDE MEISE.att,"Sporthal Bosveld, Machelen",,,,
U15 Meisjes 2e Provinciale C,U15M2PC-0003,08/09/2018,14:00,VBT MACHELEN B,VELVOC A,"Sporthal Bosveld, Machelen",0 - 5,"11/25, 22/25, 9/25, 14/25, 18/25",,
U15 Meisjes 2e Provinciale C,U15M2PC-0005,15/09/2018,09:30,WEVOK ST.-JORIS WEERT,VBT MACHELEN B,"Ontmoetingscentrum, Sint-Joris-Weert",5 - 0,"25/19, 25/15, 25/11, 25/8, 25/14",,
U15 Meisjes 2e Provinciale C,U15M2PC-0008,22/09/2018,10:00,SMASH NEERIJSE,VBT MACHELEN B,"De Kronkel, Huldenberg",3 - 2,"23/25, 25/10, 25/17, 23/25, 25/15",,
U15 Meisjes 2e Provinciale C,U15M2PC-0026,29/09/2018,12:30,HZ 93 HOFSTADE-ZEMST.att,VBT MACHELEN B,"Bloso Ter Heide, Hofstade",5 - 0,"25/13, 25/16, 25/11, 25/10, 25/15",,
U15 Meisjes 2e Provinciale C,U15M2PC-0028,06/10/2018,14:00,VBT MACHELEN B,VCV LEEFDAAL-BERTEM B,"Sporthal Bosveld, Machelen",0 - 5,"13/25, 8/25, 19/25, 17/25, 21/25",,
U15 Meisjes 2e Provinciale C,U15M2PC-0011,13/10/2018,14:00,VBT MACHELEN B,HZ 93 HOFSTADE-ZEMST.att,"Sporthal Bosveld, Machelen",0 - 5,"14/25, 8/25, 15/25, 11/25, 7/25",,
U15 Meisjes 2e Provinciale C,U15M2PC-0018,21/10/2018,16:00,VELVOC A,VBT MACHELEN B,"Sportcentrum Ivo Van Damme, Veltem-Beisem ",5 - 0,"25/10, 25/12, 25/21, 25/21, 25/14",,
U15 Meisjes 2e Provinciale C,U15M2PC-0020,27/10/2018,14:00,VBT MACHELEN B,WEVOK ST.-JORIS WEERT,"Sporthal Bosveld, Machelen",0 - 5,"16/25, 11/25, 23/25, 21/25, 9/25",,
U15 Meisjes 2e Provinciale C,U15M2PC-0023,10/11/2018,14:00,VBT MACHELEN B,SMASH NEERIJSE,"Sporthal Bosveld, Machelen",,,,
U15 Meisjes 2e Provinciale C,U15M2PC-0013,25/11/2018,14:00,VCV LEEFDAAL-BERTEM B,VBT MACHELEN B,"Gemeentelijke Sportzaal, Bertem",,,,
U13 Meisjes 1e Provinciale B,U13M1PB-0002,08/09/2018,09:30,VBT MACHELEN A,JEUGDVOLLEYBAL LONDERZEEL A,"Sporthal Bosveld, Machelen",3 - 2,"25/22, 23/25, 25/13, 20/25, 25/14",,
U13 Meisjes 1e Provinciale B,U13M1PB-0004,15/09/2018,13:30,VC LENNIK DAMES B,VBT MACHELEN A,"Gem. Sporthal Jo Baetens, Lennik",4 - 1,"25/17, 9/25, 25/22, 25/21, 25/19",,
U13 Meisjes 1e Provinciale B,U13M1PB-0008,22/09/2018,11:45,VBT MACHELEN A,LIZARDS LUBBEEK-LEUVEN,"Sporthal Bosveld, Machelen",5 - 0,"25/20, 25/17, 25/14, 25/21, 25/20",,
U13 Meisjes 1e Provinciale B,U13M1PB-0010,29/09/2018,11:45,VBT MACHELEN A,KRUIKENBURG TERNAT B,"Sporthal Bosveld, Machelen",2 - 3,"25/8, 13/25, 11/25, 13/25, 25/15",,
U13 Meisjes 1e Provinciale B,U13M1PB-0015,06/10/2018,12:30,GOVOK CAMMAERT GOOIK  VZW A,VBT MACHELEN A,"Sporthal Koornmolen, Gooik",5 - 0,"25/14, 25/12, 25/17, 25/18, 25/11",,
U13 Meisjes 1e Provinciale B,U13M1PB-0017,13/10/2018,15:00,JEUGDVOLLEYBAL LONDERZEEL A,VBT MACHELEN A,"Sportcentrum Blauvenne, Londerzeel",1 - 4,"25/17, 21/25, 15/25, 22/25, 23/25",,
U13 Meisjes 1e Provinciale B,U13M1PB-0019,27/10/2018,11:45,VBT MACHELEN A,VC LENNIK DAMES B,"Sporthal Bosveld, Machelen",0 - 5,"13/25, 12/25, 13/25, 19/25, 15/25",,
U13 Meisjes 1e Provinciale B,U13M1PB-0023,10/11/2018,14:00,LIZARDS LUBBEEK-LEUVEN,VBT MACHELEN A,Sporthal Lubbeek,,,,
U13 Meisjes 1e Provinciale B,U13M1PB-0025,18/11/2018,10:00,KRUIKENBURG TERNAT B,VBT MACHELEN A,Sporthal Kruikenburg,,,,
U13 Meisjes 1e Provinciale B,U13M1PB-0030,24/11/2018,09:30,VBT MACHELEN A,GOVOK CAMMAERT GOOIK  VZW A,"Sporthal Bosveld, Machelen",,,,
U13 Meisjes 2e Provinciale A,U13M2PA-0017,08/09/2018,11:45,VBT MACHELEN B,VOLLEY BELLINGEN HALLE A,"Sporthal Bosveld, Machelen",0 - 5,"10/25, 20/25, 15/25, 17/25, 19/25",,
U13 Meisjes 2e Provinciale A,U13M2PA-0006,16/09/2018,11:30,VOLLEY OPWIJK B,VBT MACHELEN B,"Sportzaal Vrij Katholiek Onderwijs, Opwijk",1 - 4,"25/14, 13/25, 14/25, 9/25, 13/25",,
U13 Meisjes 2e Provinciale A,U13M2PA-0009,22/09/2018,14:00,VBT MACHELEN B,ZUUN VOLLEYBAL CLUB.att,"Sporthal Bosveld, Machelen",5 - 0,"25/11, 25/11, 25/19, 25/14, 25/15",,
U13 Meisjes 2e Provinciale A,U13M2PA-0011,29/09/2018,17:00,VC KNØDDE MEISE A.att,VBT MACHELEN B,Sporthal Meise,4 - 1,"25/14, 21/25, 25/20, 25/11, 25/16",,
U13 Meisjes 2e Provinciale A,U13M2PA-0024,13/10/2018,14:45,ZUUN VOLLEYBAL CLUB.att,VBT MACHELEN B,"Wildersportcomplex, Sint-Pieters-Leeuw",3 - 2,"20/25, 25/23, 20/25, 25/21, 25/17",,
U13 Meisjes 2e Provinciale A,U13M2PA-0002,20/10/2018,12:00,VOLLEY BELLINGEN HALLE A,VBT MACHELEN B,GO! Technisch Atheneum Halle,4 - 1,"25/22, 25/18, 25/20, 15/25, 25/21",,
U13 Meisjes 2e Provinciale A,U13M2PA-0021,27/10/2018,14:00,VBT MACHELEN B,VOLLEY OPWIJK B,"Sporthal Bosveld, Machelen",4 - 1,"26/24, 25/6, 25/15, 25/21, 22/25",,
U13 Meisjes 2e Provinciale A,U13M2PA-0026,17/11/2018,09:30,VBT MACHELEN B,VC KNØDDE MEISE A.att,"Sporthal Bosveld, Machelen",,,,
U13 Meisjes 2e Provinciale C,U13M2PC-0002,08/09/2018,13:30,WOLVERTEM SPORTING.att,VBT MACHELEN C,"Sportschuur, Wolvertem",5 - 0,"25/20, 25/22, 25/11, 25/16, 25/6",,
U13 Meisjes 2e Provinciale C,U13M2PC-0006,15/09/2018,14:00,GRIVOK GRIMBERGEN,VBT MACHELEN C,"Gem. Sporthal Prinsenbos, Grimbergen",2 - 3,"25/20, 25/19, 16/25, 24/26, 20/25",,
U13 Meisjes 2e Provinciale C,U13M2PC-0009,22/09/2018,09:30,VBT MACHELEN C,BRUSSELS VOLLEY.att,"Sporthal Bosveld, Machelen",0 - 5,"15/25, 7/25, 22/25, 12/25, 17/25",,
U13 Meisjes 2e Provinciale C,U13M2PC-0011,29/09/2018,11:00,DAVOC LOT C,VBT MACHELEN C,"Vogelenzang, Lot",5 - 0,"25/15, 25/16, 25/15, 25/15, 25/15",,
U13 Meisjes 2e Provinciale C,U13M2PC-0014,06/10/2018,09:30,VBT MACHELEN C,VC KNØDDE MEISE B,"Sporthal Bosveld, Machelen",0 - 5,"23/25, 14/25, 17/25, 23/25, 16/25",,
U13 Meisjes 2e Provinciale C,U13M2PC-0017,20/10/2018,09:30,VBT MACHELEN C,WOLVERTEM SPORTING.att,"Sporthal Bosveld, Machelen",1 - 4,"20/25, 16/25, 7/25, 25/21, 15/25",,
U13 Meisjes 2e Provinciale C,U13M2PC-0021,27/10/2018,09:30,VBT MACHELEN C,GRIVOK GRIMBERGEN,"Sporthal Bosveld, Machelen",1 - 4,"25/23, 17/25, 17/25, 22/25, 20/25",,
U13 Meisjes 2e Provinciale C,U13M2PC-0024,10/11/2018,14:30,BRUSSELS VOLLEY.att,VBT MACHELEN C,Sporthal Ganshoren,,,,
U13 Meisjes 2e Provinciale C,U13M2PC-0026,17/11/2018,09:30,VBT MACHELEN C,DAVOC LOT C,"Sporthal Bosveld, Machelen",,,,
U13 Meisjes 2e Provinciale C,U13M2PC-0029,24/11/2018,17:00,VC KNØDDE MEISE B,VBT MACHELEN C,Sporthal Meise,,,,
U11 Meisjes 1e Provinciale B 2-2,U11M1PB 2-2-0006,15/09/2018,11:45,LIZARDS LUBBEEK-LEUVEN,VBT MACHELEN A,Sporthal Lubbeek,5 - 3,"27/25, 25/21, 26/24, 25/18, 18/25, 25/10, 12/25, 18/25",,
U11 Meisjes 1e Provinciale B 2-2,U11M1PB 2-2-0009,22/09/2018,14:00,VBT MACHELEN A,GOVOK CAMMAERT GOOIK  VZW B.att,"Sporthal Bosveld, Machelen",7 - 1,"25/14, 25/11, 25/17, 23/25, 25/16, 25/14, 25/19, 25/18",,
U11 Meisjes 1e Provinciale B 2-2,U11M1PB 2-2-0011,29/09/2018,16:00,VC LENNIK DAMES A.att,VBT MACHELEN A,"Gem. Sporthal Jo Baetens, Lennik",4 - 4,"17/25, 25/15, 22/25, 28/30, 25/15, 25/22, 24/26, 25/23",,
U11 Meisjes 1e Provinciale B 2-2,U11M1PB 2-2-0014,06/10/2018,16:00,VBT MACHELEN A,KRUIKENBURG TERNAT B,"Sporthal Bosveld, Machelen",6 - 2,"25/17, 26/24, 25/21, 17/25, 25/21, 25/8, 25/23, 18/25",,
U11 Meisjes 1e Provinciale B 2-2,U11M1PB 2-2-0017,20/10/2018,14:00,VBT MACHELEN A,BDO HAASRODE LEUVEN (VHL) B,"Sporthal Bosveld, Machelen",5 - 3,"18/25, 25/16, 25/15, 25/22, 25/15, 17/25, 25/11, 15/25",,
U11 Meisjes 1e Provinciale B 2-2,U11M1PB 2-2-0021,27/10/2018,14:00,VBT MACHELEN A,LIZARDS LUBBEEK-LEUVEN,"Sporthal Bosveld, Machelen",4 - 4,"16/25, 25/18, 14/25, 25/19, 22/25, 25/18, 25/10, 19/25",,
U11 Meisjes 1e Provinciale B 2-2,U11M1PB 2-2-0002,03/11/2018,11:30,BDO HAASRODE LEUVEN (VHL) B,VBT MACHELEN A,Sporthal Heverlee,,,,
U11 Meisjes 1e Provinciale B 2-2,U11M1PB 2-2-0024,11/11/2018,14:30,GOVOK CAMMAERT GOOIK  VZW B.att,VBT MACHELEN A,"Sporthal Koornmolen, Gooik",,,,
U11 Meisjes 1e Provinciale B 2-2,U11M1PB 2-2-0026,17/11/2018,14:00,VBT MACHELEN A,VC LENNIK DAMES A.att,"Sporthal Bosveld, Machelen",,,,
U11 Meisjes 1e Provinciale B 2-2,U11M1PB 2-2-0029,24/11/2018,10:30,KRUIKENBURG TERNAT B,VBT MACHELEN A,Sporthal Kruikenburg,,,,
U11 Meisjes 2e Provinciale C 2-2,U11M2PC 2-2-0003,08/09/2018,16:00,VBT MACHELEN B,VOLLEY THOR TERVUREN.att,"Sporthal Bosveld, Machelen",6 - 2,"15/25, 28/30, 25/20, 25/17, 25/8, 25/17, 25/17, 25/20",,
U11 Meisjes 2e Provinciale C 2-2,U11M2PC 2-2-0005,15/09/2018,10:00,SMASH NEERIJSE,VBT MACHELEN B,"De Kronkel, Huldenberg",2 - 6,"25/16, 8/25, 17/25, 21/25, 13/25, 15/25, 25/20, 16/25",,
U11 Meisjes 2e Provinciale C 2-2,U11M2PC 2-2-0008,22/09/2018,17:00,VC KNØDDE MEISE.att,VBT MACHELEN B,Sporthal Meise,8 - 0,"25/9, 25/17, 25/14, 25/14, 25/11, 25/19, 25/11, 25/6",,
U11 Meisjes 2e Provinciale C 2-2,U11M2PC 2-2-0011,29/09/2018,16:00,VBT MACHELEN B,SPARTANA STEENOKKERZEEL.att,"Sporthal Bosveld, Machelen",7 - 1,"25/20, 25/17, 25/18, 18/25, 25/17, 25/16, 25/5, 25/9",,
U11 Meisjes 2e Provinciale C 2-2,U11M2PC 2-2-0018,20/10/2018,13:00,VOLLEY THOR TERVUREN.att,VBT MACHELEN B,"Sportcentrum Diependal, Tervuren",5 - 3,"14/25, 26/28, 25/10, 25/20, 10/25, 25/17, 25/14, 25/22",,
U11 Meisjes 2e Provinciale C 2-2,U11M2PC 2-2-0020,27/10/2018,16:00,VBT MACHELEN B,SMASH NEERIJSE,"Sporthal Bosveld, Machelen",7 - 1,"25/9, 25/7, 25/12, 25/17, 25/15, 25/23, 25/22, 25/27",,
U11 Meisjes 2e Provinciale C 2-2,U11M2PC 2-2-0023,10/11/2018,16:00,VBT MACHELEN B,VC KNØDDE MEISE.att,"Sporthal Bosveld, Machelen",,,,
U11 Meisjes 2e Provinciale C 2-2,U11M2PC 2-2-0026,17/11/2018,10:30,SPARTANA STEENOKKERZEEL.att,VBT MACHELEN B,"Gemeentelijke Sporthal, Steenokkerzeel",,,,
Jeugdbeker VLBR U17 Jongens,JBVLBR U17J-101,09/11/2018,20:00,VOLLEYBALCLUB B.V.S. AARSCHOT,VBT MACHELEN,"Sint-Jozefscollege, Aarschot",,,,
Jeugdbeker VLBR U15 Jongens,JBVLBR U15J-202,04/02/2019,23:00,VBT MACHELEN,VC KNØDDE MEISE,"Sporthal Bosveld, Machelen",,,,
Jeugdbeker VLBR U13 Jongens,JBVLBR U13J-108,27/12/2018,23:00,VBT MACHELEN,VC LENNIK HEREN,"Sporthal Bosveld, Machelen",,,,
Jeugdbeker VLBR U11 Jongens,JBVLBR U11J-202,05/02/2019,23:00,VBT MACHELEN,KRUIKENBURG TERNAT A,"Sporthal Bosveld, Machelen",,,,
Jeugdbeker VLBR U19 Meisjes,JBVLBR U19M-106,01/12/2018,11:30,VBT MACHELEN,KEVOC KEERBERGEN,"Sporthal Bosveld, Machelen",,,,
Jeugdbeker VLBR U17 Meisjes,JBVLBR U17M-004,10/10/2018,19:00,N.V.V. TIENEN,VBT MACHELEN,"Sportschuur Houtemveld, Tienen",0 - 3,"12/25, 14/25, 9/25",,
Jeugdbeker VLBR U17 Meisjes,JBVLBR U17M-104,29/12/2018,23:00,VOLLEY OPWIJK,VBT MACHELEN,"Sportzaal Vrij Katholiek Onderwijs, Opwijk",,,,
Jeugdbeker VLBR U15 Meisjes,JBVLBR U15M-002,03/10/2018,19:00,LIZARDS LUBBEEK-LEUVEN,VBT MACHELEN,Sporthal Korbeek-Lo,3 - 1,"22/25, 25/18, 25/16, 25/22",,
Jeugdbeker VLBR U13 Meisjes,JBVLBR U13M-007,12/10/2018,19:30,VOLLEY BELLINGEN HALLE,VBT MACHELEN,GO! Technisch Atheneum Halle,1 - 3,"14/25, 19/25, 25/22, 15/25",,
Jeugdbeker VLBR U13 Meisjes,JBVLBR U13M-104,24/12/2018,23:00,VBT MACHELEN,VOLLEY OPWIJK,,,,,
Jeugdbeker VLBR U11 Meisjes,JBVLBR U11M-103,08/12/2018,11:00,VBT MACHELEN,BEVOC BETEKOM,"Sporthal Bosveld, Machelen",,,,
